-- phpMyAdmin SQL Dump
-- version 3.4.5
-- http://www.phpmyadmin.net
--
-- Servidor: localhost
-- Tiempo de generación: 15-12-2015 a las 05:04:55
-- Versión del servidor: 5.5.16
-- Versión de PHP: 5.3.8

SET SQL_MODE="NO_AUTO_VALUE_ON_ZERO";
SET time_zone = "+00:00";


/*!40101 SET @OLD_CHARACTER_SET_CLIENT=@@CHARACTER_SET_CLIENT */;
/*!40101 SET @OLD_CHARACTER_SET_RESULTS=@@CHARACTER_SET_RESULTS */;
/*!40101 SET @OLD_COLLATION_CONNECTION=@@COLLATION_CONNECTION */;
/*!40101 SET NAMES utf8 */;

--
-- Base de datos: `sismedico`
--

-- --------------------------------------------------------

--
-- Estructura de tabla para la tabla `comunidad`
--

CREATE TABLE IF NOT EXISTS `comunidad` (
  `cod_comu` varchar(10) COLLATE latin1_spanish_ci DEFAULT NULL,
  `nombre` varchar(30) COLLATE latin1_spanish_ci DEFAULT NULL,
  `cod_muni` varchar(10) COLLATE latin1_spanish_ci DEFAULT NULL
) ENGINE=InnoDB DEFAULT CHARSET=latin1 COLLATE=latin1_spanish_ci;

--
-- Volcado de datos para la tabla `comunidad`
--

INSERT INTO `comunidad` (`cod_comu`, `nombre`, `cod_muni`) VALUES
('1', 'Río Blanco (Oploca)', '050801'),
('10', 'Villa Providencia', '050801'),
('100', 'Quitafaya', '050401'),
('101', 'Ticunfaya alta', '050401'),
('102', 'Colquechaca', '050401'),
('103', 'San Lazaro', '050401'),
('104', 'Bandurani', '050401'),
('105', 'Saraga', '050401'),
('106', 'Yojani', '050403'),
('107', 'Kapaj Rancho', '050403'),
('108', 'Tolapampa', '050403'),
('109', 'Corahuisa', '050403'),
('11', 'Tambillo Alto', '050801'),
('110', 'Caracota', '050403'),
('111', 'Taracachi', '050403'),
('112', 'Ureka', '050403'),
('113', 'Turawi', '050403'),
('114', 'Sarijchi', '050403'),
('115', 'Totora', '050403'),
('116', 'Collana Tuica', '050403'),
('117', 'Chanca Tuica', '050403'),
('118', 'Chancatuyo', '050403'),
('119', 'Compaya', '050403'),
('12', 'Zona San Gerardo', '050801'),
('120', 'Tanano', '050403'),
('121', 'Lupcati', '050403'),
('122', 'Pocochata', '050403'),
('123', 'Huancarani', '050403'),
('124', 'Coracti', '050403'),
('125', 'Utavi', '050403'),
('126', 'Icawara', '050403'),
('127', 'Villa Alcapari', '050403'),
('128', 'San Miguel de Kari', '050403'),
('129', 'Huayllama', '050403'),
('13', 'Zona San Antonio Central', '050801'),
('130', 'Peiquiña', '050403'),
('131', 'Cota', '050403'),
('132', 'Tomoyo', '050403'),
('133', 'Collpa Kasa', '050403'),
('134', 'Yahuaco', '050403'),
('135', 'Vivi', '050403'),
('136', 'Achacana', '050403'),
('137', 'Vitichi', '050602'),
('138', 'San Antonio', '050602'),
('139', 'Tusquiña', '050602'),
('14', 'Chajra Huasi', '050801'),
('140', 'Calvi', '050602'),
('141', 'Pekajsi', '050602'),
('142', 'Pecka', '050602'),
('143', 'Yulo', '050602'),
('144', 'Aripalca', '050602'),
('145', 'Toquenza', '050602'),
('146', 'Yawisla', '050602'),
('147', 'Kehuaca Grande', '050602'),
('148', 'Calcha', '050602'),
('149', 'Tica Cancha', '051501'),
('15', 'Zona Sud', '050801'),
('150', 'Chaqui Cocha', '051501'),
('151', 'Casira Chica', '051501'),
('152', 'Berque', '051501'),
('153', 'Calahuyo', '051501'),
('154', 'Villa Rosario', '051501'),
('155', 'Chipihuayco', '051501'),
('156', 'Higueras', '051501'),
('157', 'Sagnasti', '051501'),
('158', 'Villazon', '051501'),
('159', 'Chagua', '051501'),
('16', 'Zona Villa Florida', '050801'),
('160', 'Chipihuaycu', '051501'),
('161', 'Pasto Pampa', '050404'),
('162', 'Zarhuaque', '050404'),
('163', 'Lluchu', '050404'),
('164', 'Juty', '050404'),
('165', 'Maragua', '050404'),
('166', 'Pucara Maragua', '050404'),
('167', 'Muña Muña', '050404'),
('168', 'Santa Rosa', '050404'),
('169', 'Qollpa', '050404'),
('17', 'Barrio Pueblo Nuevo', '050801'),
('170', 'Niño Mayu', '050404'),
('171', 'Qara Qara', '050404'),
('172', 'Jatun Orcko', '050404'),
('173', 'Roqo Rogo', '050404'),
('174', 'Chichuwarani', '050404'),
('175', 'Milluni', '050404'),
('176', 'Yurimata', '050404'),
('177', 'Tojota', '050404'),
('178', 'Marcona', '050404'),
('179', 'Wayqo Wayqo', '050404'),
('18', 'Aguadita Norte', '050801'),
('180', 'Waylla Kuchu', '050404'),
('181', 'Viscachani', '050404'),
('182', 'Ocuri', '050404'),
('183', 'Puca Qasa', '050404'),
('184', 'Qorwari', '050404'),
('185', 'Qocha Pampa', '050404'),
('186', 'Marcari', '050404'),
('187', 'Kala Kala', '050404'),
('188', 'Ilabi Baja', '050404'),
('189', 'Fichicachi', '050404'),
('19', 'Zona Tupiza Central', '050801'),
('190', 'Katawi', '050404'),
('191', 'Perca', '050404'),
('192', 'Ancocala', '050404'),
('193', 'Pueblo Managua', '050404'),
('194', 'Mojo', '051501'),
('195', 'Moraya', '051501'),
('196', 'San Pablo', '051001'),
('197', 'Relave', '051001'),
('198', 'San Antonio de Lipez', '051001'),
('199', 'Kollpani', '051001'),
('2', 'Sala Huayco', '050801'),
('20', 'Zona Villa Fatima', '050801'),
('200', 'Santa Isabel', '051001'),
('201', 'Cerrillos', '051001'),
('202', 'Polulos', '051001'),
('203', 'Quetena Grande', '051001'),
('204', 'Rodeo', '050402'),
('205', 'Janina', '050402'),
('206', 'Yurubamba', '050402'),
('207', 'Ravelo', '050402'),
('208', 'Tomoya', '050402'),
('209', 'Huaycoma', '050402'),
('21', 'Telamayu', '050802'),
('210', 'Lacayani', '050402'),
('211', 'Antora', '050402'),
('212', 'Pitantora', '050402'),
('213', 'Kuturi', '050402'),
('214', 'Talina', '050801'),
('215', 'Pampa Grande', '050801'),
('216', 'Quiriza', '050801'),
('217', 'Viscachani', '050801'),
('218', 'Choco Pampa', '050801'),
('219', 'Palquiza', '050801'),
('22', 'Animas', '050802'),
('220', 'Esmoraca', '050801'),
('221', 'Estarca', '050801'),
('222', 'Tapaxa', '050801'),
('223', 'Reynicillas', '050801'),
('224', 'Mizque', '050801'),
('225', 'La Colorada', '050801'),
('226', 'Villa Pacheco', '050801'),
('227', 'Piedras Blancas', '050801'),
('228', 'Suipacha', '050801'),
('229', 'San Silvestre', '050801'),
('23', 'Siete Suyos', '050802'),
('230', 'Santa Rosa', '050801'),
('231', 'Humacha', '050801'),
('232', 'Nazareno', '050801'),
('233', 'Chuquiago', '050801'),
('234', 'Oploca', '050801'),
('235', 'Chapi Uno', '050801'),
('236', 'Saycu Chacra', '050801'),
('237', 'Alto Mamahota', '050801'),
('238', 'Kenko', '050801'),
('239', 'Chayanta', '050202'),
('24', 'Santa Barbara', '050802'),
('240', 'Aymaya', '050202'),
('241', 'Entre Rios', '050202'),
('242', 'Amaya Pampa', '050202'),
('243', 'Ucuru', '050202'),
('244', 'Janta Palca', '050202'),
('245', 'Irupata', '050202'),
('246', 'Caloesa', '050202'),
('247', 'Calluchivi', '050202'),
('248', 'Alcasi', '050202'),
('249', 'SuyuCalaCala', '050202'),
('25', 'Atocha', '050802'),
('250', 'Irupata', '050202'),
('251', 'Keñuani', '050202'),
('252', 'Cutimarca', '050202'),
('253', 'Acuyo', '050202'),
('254', 'Huanuni', '050202'),
('255', 'Cuataca', '050202'),
('256', 'Panacachi', '050202'),
('257', 'Copana', '050202'),
('258', 'Quinta Pampa', '050202'),
('259', 'Kehualluni', '050202'),
('26', 'San Vicente', '050802'),
('260', 'Yuruma', '051501'),
('261', 'Secocha', '051501'),
('262', 'Chosconty', '051501'),
('263', 'Salitre', '051501'),
('264', 'San Luis', '050601'),
('265', 'Mocko Pata', '050601'),
('266', 'Sagrario', '050601'),
('267', 'Tasna Rosario', '050601'),
('268', 'Cornaca', '050601'),
('269', 'Ramadas', '050601'),
('27', 'Casa Grande', '051002'),
('270', 'Laytapi', '050601'),
('271', 'Qunchamani', '050601'),
('272', 'Villa Concepcion', '050601'),
('273', 'Kollpa Uno', '050601'),
('274', 'Tablaya Chica', '050601'),
('275', 'Puki Lia', '050601'),
('276', 'Limeta', '050601'),
('277', 'Molle Kahua', '050601'),
('278', 'Tablaya Campa', '050601'),
('279', 'Ascanti', '050601'),
('28', 'Mojinete', '051002'),
('280', 'Cazon', '050601'),
('281', 'Suchuma', '050601'),
('282', 'Palca Higueras', '050601'),
('283', 'Chui Chui', '050601'),
('284', 'Nichacla', '050601'),
('285', 'Escara', '050601'),
('286', 'Tocla Riveralta', '050601'),
('287', 'Tocla Rancho', '050601'),
('288', 'Tumusla', '050601'),
('289', 'Patirani', '050601'),
('29', 'La Cienega', '051002'),
('290', 'Patirina', '050601'),
('291', 'CKara CKara Sud', '050601'),
('292', 'Taquiña', '050601'),
('293', 'Tapchiquira', '050601'),
('294', 'Rancho', '050601'),
('295', 'Lamachi', '050601'),
('296', 'Lecoscohi', '050601'),
('297', 'San Jorge', '050601'),
('298', 'Matayca', '050601'),
('299', 'Jorjochi', '050601'),
('3', 'Monte Rico', '050801'),
('30', 'Esmoruco', '051003'),
('300', 'Sanagati', '050601'),
('301', 'Checochi', '050601'),
('302', 'Toropalca', '050601'),
('303', 'Sauce Palca V', '050601'),
('304', 'Kechisla', '050601'),
('305', 'Tablaya Palca', '050601'),
('306', 'Ciudad', '050601'),
('307', 'Llica', '051401'),
('308', 'Cahuana Grande', '051401'),
('309', 'Tres Cruces', '051401'),
('31', 'Guadalupe (Sud Lipez)', '051003'),
('310', 'Villa Victoria', '051401'),
('311', 'Palaya', '051401'),
('312', 'Vella Vista', '051401'),
('313', 'Chacoma', '051401'),
('314', 'Sejcihua', '051401'),
('315', 'Huanaque', '051401'),
('316', 'San Agustin', '051601'),
('317', 'Aloja', '051601'),
('318', 'Vichacla', '050601'),
('319', 'Ketacochi', '050601'),
('32', 'Tahua', '051402'),
('320', 'Villa Nueva', '050601'),
('33', 'Caquena', '051402'),
('34', 'Alianza', '051402'),
('35', 'Yonza', '051402'),
('36', 'Rio Mulato', '051201'),
('37', 'Pocullani', '051201'),
('38', 'Coroma', '051201'),
('39', 'Candelaria de Viluyo', '051201'),
('4', 'Peña Amarilla', '050801'),
('40', 'Bella Vista', '051201'),
('41', 'Tusqui', '051201'),
('42', 'Colchani', '051201'),
('43', 'Alpacani', '051201'),
('44', 'Pulacayu', '051201'),
('45', 'Cerdas', '051201'),
('46', 'Uyuni', '051201'),
('47', 'Camani', '050203'),
('48', 'Uyuni', '050203'),
('49', 'Maqueñwa', '050203'),
('5', 'Cienegas', '050801'),
('50', 'Incamachaca', '050203'),
('51', 'Jiskanqui', '050203'),
('52', 'Jachojo', '050203'),
('53', 'Capunita', '050203'),
('54', 'Villa arbolito', '050203'),
('55', 'Chayacari', '050203'),
('56', 'Navidad', '050203'),
('57', 'Sauta', '050203'),
('58', 'Catavi', '050203'),
('59', 'Llallagua', '050203'),
('6', 'Almona', '050801'),
('60', 'Walqueri', '050203'),
('61', 'Circuyo', '050203'),
('62', 'Andawilque', '050203'),
('63', 'Uncia', '050201'),
('64', 'Cala Cala', '050201'),
('65', 'Pata Pata Chico', '050201'),
('66', 'Chilcapalca', '050201'),
('67', 'Luluni', '050201'),
('68', 'Saroca', '050201'),
('69', 'Chuquihuta', '050201'),
('7', 'San Miguel', '050801'),
('70', 'Huacuta', '050201'),
('71', 'Irpa Irpa', '050201'),
('72', 'Morocomarca', '050201'),
('73', 'Uchuntata', '050201'),
('74', 'Pata Pata Grande', '050201'),
('75', 'Wateria', '050201'),
('76', 'Peña Blanca', '050401'),
('77', 'Lekoni', '050401'),
('78', 'Saka Saka', '050401'),
('79', 'Castilla Huma', '050401'),
('8', 'Oploca', '050801'),
('80', 'Futina', '050401'),
('81', 'Chacarani', '050401'),
('82', 'Fichacani', '050401'),
('83', 'Callampayani', '050401'),
('84', 'Uluchi', '050401'),
('85', 'Pucara', '050401'),
('86', 'Apaza', '050401'),
('87', 'Sopaya', '050401'),
('88', 'Chalviri', '050401'),
('89', 'Vila Kiyra', '050401'),
('9', 'San Gregorio', '050801'),
('90', 'Machay Marka', '050401'),
('91', 'Machay Marka Alta', '050401'),
('92', 'Peruani', '050401'),
('93', 'Macha', '050401'),
('94', 'Chayrapata', '050401'),
('95', 'Santa Fe', '050401'),
('96', 'Thurko', '050401'),
('97', 'Armilla', '050401'),
('98', 'Chuafaya', '050401'),
('99', 'Purky', '050401'),
('321', 'PORCO', '051203'),
('322', 'AGUA DE CASTILLA', '051203'),
('323', 'CHAQUILLA', '051203'),
('324', 'TOPALA', '051203'),
('325', 'ROSARIO', '051203'),
('326', 'CHURCUITA', '051203'),
('327', 'CARLOS MACHICADO', '051202'),
('328', 'TARANA', '051202'),
('329', 'TICA TICA', '051202'),
('330', 'TOTORA K', '051202'),
('331', 'RIO ABAJO', '051202'),
('332', 'TACORA', '051202'),
('333', 'CHARCOYO', '051202'),
('334', 'PELCA', '051202'),
('335', 'VESICZA', '051202'),
('336', 'PUNUTUMA', '051202'),
('337', 'TATUCA', '051202'),
('338', 'TOLAPAMPA', '051202'),
('339', 'SAN PEDRO DE OPOCO', '051202'),
('340', 'TAURO', '051202'),
('341', 'CALERIAS', '051202'),
('342', 'TOMAVE', '051202'),
('343', 'CALAZAYA', '051202'),
('344', 'KORKA', '051202'),
('345', 'VILLA BANDORIRI', '051301'),
('346', 'CHACURA', '051301'),
('347', 'KARPA CALACALA', '051301'),
('348', 'LAWA LAWA', '051301'),
('349', 'ARANPAMPA', '051301'),
('350', 'PISTAPAMPA', '051301'),
('351', 'MARCAVI', '051301'),
('352', 'SARCURI', '051301'),
('353', 'ASANQUIRI', '051301'),
('354', 'COTANI', '051301'),
('355', 'CALACHUA', '051301'),
('356', 'MOLLEVILLQUE', '051301'),
('357', 'KUARAKA', '051301'),
('358', 'COTUMA', '051301'),
('359', 'TUQUIZA', '051302'),
('360', 'TORRENI', '051302'),
('361', 'TORNO KASA', '051302'),
('362', 'COTANI CAINI', '051302'),
('363', 'NIÑO COLLO', '051302'),
('364', 'PIRIQUINA', '051302'),
('365', 'YANAYO CHICO', '051302'),
('366', 'VILLA SACABAMBA', '051302'),
('367', 'QOLLPA QASA', '051302'),
('368', 'LLALLAGUANI', '051302'),
('369', 'ACURACHI', '051302'),
('370', 'JUPHIRI', '051302'),
('371', 'MOLLEVILLQUE', '051302'),
('372', 'CALLANA', '051302'),
('373', 'COTANI HACIENDA', '051302'),
('374', 'SANTA ANA', '051302'),
('375', 'LAGUYO', '051302'),
('376', 'TOTOROMA', '051302'),
('377', 'BUEY TAMBO', '050301'),
('378', 'POTOBAMBA', '050301'),
('379', 'SANTA ANA', '050301'),
('380', 'POCO POCO', '050301'),
('381', 'VILLCOPAJJIO', '050301'),
('382', 'SAJPAYA', '050301'),
('383', 'LA FLORIDA', '050301'),
('384', 'PUMA HUAYQUILLO', '050301'),
('385', 'SAN ANTONIO', '050301'),
('386', 'HUANTAPITA', '050301'),
('387', 'TECOYA BAJA', '050301'),
('388', 'VIGOTO', '050301'),
('389', 'KOA KOA', '050301'),
('390', 'MAMAHOTA', '050301'),
('391', 'QUIVINCHA', '050301'),
('392', 'TRAPICHE BAJO', '050301'),
('393', 'PACCHIRI', '050301'),
('394', 'ABRA SAN MIGUEL', '050301'),
('395', 'TIRISPAYA', '050301'),
('396', 'CHAUPI MOLINO', '050301'),
('397', 'BARRIO ROSARIO', '050301'),
('398', 'URIFAYA', '050301'),
('399', 'SIHUAYO', '050102'),
('400', 'PALCA', '050102'),
('401', 'KERWANI', '050102'),
('402', 'TINQUIPAYA', '050102'),
('403', 'PURQUI', '050102'),
('404', 'ILCHACO', '050102'),
('405', 'ANTHURA', '050102'),
('406', 'IRUPAMPA', '050102'),
('407', 'CALASAYA', '050102'),
('408', 'TUISURI KARA KARA', '050102'),
('409', 'SUMATALA', '050102'),
('410', 'ANCOMILLA', '050102'),
('411', 'CHALLAMAYU', '050102'),
('412', 'SUTURI', '050102'),
('413', 'CHILA', '050102'),
('414', 'C. ALTA', '050102'),
('415', 'TARGUTA', '050102'),
('416', 'HUAYLLOMA', '050102'),
('417', 'MARCAVI', '050102'),
('418', 'CAIMONA', '050102'),
('419', 'TORACKARI', '050102'),
('420', 'PHISACAÑA', '050102'),
('421', 'AYCAMA', '050102'),
('422', 'TAITANI', '050102'),
('423', 'CANTAPI ACTARA', '050102'),
('424', 'ATHINA', '050102'),
('425', 'LAYURI ACTARA', '050102'),
('426', 'CAMPUCO PALCA', '050102'),
('427', 'TERCUMA', '050102'),
('428', 'QAQAPATY', '050102'),
('429', 'JAHUACAYA TOCOROMA', '050102'),
('430', 'JAHUACAYA ULCA ALTA', '050102'),
('431', 'JAHUACAYA TOCAN TOCAN', '050102'),
('432', 'JAHUACAYA', '050102'),
('433', 'CHAQUI CHAQUI', '050102'),
('434', 'WICHUCO', '050102'),
('435', 'ESCALERA', '050501'),
('436', 'IRPUMA', '050501'),
('437', 'VICUÑURI', '050501'),
('438', 'SURAGUA', '050501'),
('439', 'ESQUENCACHI', '050501'),
('440', 'TOSCA PUGIO', '050501'),
('441', 'JACHUYO', '050501'),
('442', 'MAMANIA', '050501'),
('443', 'ACAYO', '050501'),
('444', 'LEKE LEKE', '050501'),
('445', 'HUARICARPA', '050501'),
('446', 'CAIMANI', '050501'),
('447', 'SACA SACA', '050501'),
('448', 'IPIRA', '050501'),
('449', 'COACARI', '050501'),
('450', 'CHIRO CHICO', '050501'),
('451', 'JANCOYO GRANDE', '050501'),
('452', 'IPOTE', '050501'),
('453', 'POTOSI', '050101'),
('454', 'PUITUCO', '050104'),
('455', 'ANANOCA', '050104'),
('456', 'CANAVIRI', '050104'),
('457', 'LIMONA PUITUCO', '050104'),
('458', 'CAQUENA BAJA', '050102'),
('459', 'SAYACA', '050102'),
('460', 'VILLA CONCEPCION DELICIAS', '050101'),
('461', 'VILLA COLON', '050101'),
('462', 'TEJA TAMBO', '050101'),
('463', 'SAN ROQUE', '050101'),
('464', 'CAHUAYO', '050101'),
('465', 'SAN BENITO', '050101'),
('466', 'CANTUMARCA', '050101'),
('467', 'VILLA COPACABANA', '050101'),
('468', 'ALTURA ROTONDA', '050101'),
('469', 'DELICIAS', '050101'),
('470', 'CHAQUILLA ALTA', '050101'),
('471', 'URBANIZACION CORDEPO', '050101'),
('472', 'CHIUTARA ALTA', '050101'),
('473', 'SAMASABAJA', '050101'),
('474', 'OLLERIAS', '051202'),
('475', 'JIRAPALCA', '051202'),
('476', 'CORACOTA', '051202'),
('477', 'YURA', '051202'),
('478', 'CHUAÑA YURA', '051202'),
('479', 'CHALLAPAMPA', '051202'),
('480', 'VILLA URCUPIÑA DELICIAS', '050101'),
('481', 'TOMA CUNCA', '050101'),
('482', 'PARI ORCKO', '050101'),
('483', 'VILLA MAGISTERIO DELICIAS', '050101'),
('484', 'VILLA VENEZUELA', '050101'),
('485', 'VILLA FATIMA', '050101'),
('486', 'TOPOHOCO', '050101'),
('487', 'CHAUPI ORCKO', '050101'),
('488', 'Ciudad', '050101'),
('489', 'VILLA ARMONIA', '050101'),
('490', 'VILLA SAN PEDRO', '050101'),
('491', 'CANTO COCHA', '050101'),
('492', 'CHULLCHUCANI', '050101'),
('493', 'HUARI HUARI PALCA', '050101'),
('494', 'AZANGARO', '050101'),
('495', 'CHANCA', '050101'),
('496', 'TIRINA', '050404'),
('497', 'TOMA CUNCA', '050102'),
('498', 'TUCULTAPI', '051101'),
('499', 'TOMOLA', '051101'),
('500', 'VILAMANI', '051101'),
('501', 'SEPULTURAS', '051101'),
('502', 'MOLINO PAMPA', '051101'),
('503', 'MELENA ALTA', '051101'),
('504', 'HUAYCAYA', '051101'),
('505', 'SUNCHU PAMPA', '051101'),
('506', 'CHAJNACAYA', '051102'),
('507', 'CAIZA D', '051102'),
('508', 'TUCTAPARI', '051102'),
('509', 'Tres Cruces', '051102'),
('510', 'TAPI', '051102'),
('511', 'FUNDICION', '050701'),
('512', 'CHUSLLONQUERI', '050701'),
('513', 'CHILLCANI', '050701'),
('514', 'KALAPAQUIRI', '050701'),
('515', 'VERTOMA', '050701'),
('516', 'CHIATACA', '050701'),
('517', 'SUPOQO', '050701'),
('518', 'CHUNGARA', '050701'),
('519', 'KEA KEA', '050701'),
('520', 'LAYUPAMPA', '050701'),
('521', 'CHURUTA', '050701'),
('522', 'LLAPA LLAPA', '050701'),
('523', 'LAYTUYO', '050701'),
('524', 'COFA COFA', '050702'),
('525', 'CALACONDO', '050702'),
('526', 'JUNTAVI', '050702'),
('527', 'Camani', '050702'),
('528', 'CALATACAZA', '050702'),
('529', 'CHOJLLA', '050702'),
('530', 'JAYOMA', '050702'),
('531', 'CHIVIRAPI QUISI', '050702'),
('532', 'JACHOJO JANCO JANCO', '050702'),
('533', 'CHURIPORARA', '050702'),
('534', 'ASURIRI', '050702'),
('535', 'CRUZ VILLQUE', '050501'),
('536', 'Pucara', '050501'),
('537', 'QUENUANI', '050501'),
('538', 'TOTORANI', '050501'),
('539', 'ALLPACA', '050501'),
('540', 'TORO TORO', '050502'),
('541', 'MOJON KASA', '050502'),
('542', 'POCOSUCO', '050502'),
('543', 'GOTANI', '050502'),
('544', 'LUPI LUPI', '050502'),
('545', 'LAYME AZERUMA', '050502'),
('546', 'MOLLE CANCHA', '050502'),
('547', 'RODEO ESCALON', '050502'),
('548', 'ESTRELLA KASA', '050502'),
('549', 'HUARA HUARA', '050502'),
('550', 'LAYME COTANI', '050502'),
('551', 'CHIARAQUE', '050501'),
('552', 'MOROCOYO CHIRO KASA', '050501'),
('553', 'LANCAYA', '050501'),
('554', 'JAPO', '050501'),
('555', 'CHOQUECUTA', '050501'),
('556', 'CHIROKUCHU', '050501'),
('557', 'BALTAZAR', '050501'),
('558', 'TORACARI', '050501'),
('559', 'POCOATILLO', '050501'),
('560', 'IRUPAMPA', '050101'),
('561', 'QUINSA PUJYO', '050101'),
('562', 'CANDELARIA', '050101'),
('563', 'ALTA TICANOMA', '050701'),
('564', 'MAMANI MARCA', '050701'),
('565', 'KLULUMA', '050701'),
('566', 'JANCO CRUZ', '050701'),
('567', 'VENTILLA', '050701'),
('568', 'PICHUYA', '050701'),
('569', 'LIPICHICAYMA', '050701'),
('570', 'CHARKA MICANI', '050701'),
('571', 'TARHUACHAPI', '050701'),
('572', 'CAMATA', '050701'),
('573', 'CARANGANI', '050701'),
('574', 'Tojota', '050701'),
('575', 'COCHIPAMPA', '050701'),
('576', 'ALTA TICALOMA', '050701'),
('577', 'ICHUTANI', '050701'),
('578', 'CHIKIRUYU', '050701'),
('579', 'MEROQHAUWA', '050701'),
('580', 'WANUERI', '050701'),
('581', 'KAYROMA', '050701'),
('582', 'INQUYA', '050701'),
('583', 'JANQO JANQO', '050701'),
('584', 'KALLPA KALLPA', '050701'),
('585', 'CRUZ KASA', '050701'),
('586', 'TAYPILOMA', '050701'),
('587', 'AQOMARCA', '050701'),
('588', 'VILA VILA', '050701'),
('589', 'SACACA', '050701'),
('590', 'TOTOROCO', '050701'),
('591', 'LEUQUENI', '050701'),
('592', 'JANCOAQUE', '050701'),
('593', 'CARCOMA', '050701'),
('594', 'JANTHA KINRAY', '050701'),
('595', 'SILLU SILLU', '050701'),
('596', 'MALLCUCHAPI', '050701'),
('597', 'CHULLPANI', '050701'),
('598', 'JIRA PATA', '050701'),
('599', 'CHACACHATA', '050701'),
('600', 'LEQUE', '050701'),
('601', 'WACAMACHORO', '050701'),
('602', 'AYORI', '050701'),
('603', 'SIQUILATA', '050701'),
('604', 'VISCA CHANI', '050502'),
('605', 'TAMBO KASA', '050502'),
('606', 'AÑA HUANI', '050502'),
('607', 'PISIHUATA', '050502'),
('608', 'TRAPICHE ALTA', '050301'),
('609', 'EL MOLINO', '050801'),
('610', 'VILUYO', '051001'),
('611', 'CARACOTA', '050404'),
('612', 'JURUNA', '050303'),
('613', 'TRAPICHI ALTA', '050303'),
('614', 'TIRINA', '050303'),
('615', 'TIRINA BAJA', '050303'),
('616', 'LOVERA', '050303'),
('617', 'SAN FELIPE DE COLAVI', '050303'),
('618', 'ANCOMA', '050303'),
('619', 'HUANICHURO BAJO', '050303'),
('620', 'MANQUIRI', '050303'),
('621', 'CERCA CANCHA', '050303'),
('622', 'BETANZOS', '050301'),
('624', 'WIRUFAYA', '050301'),
('625', 'LAGUNILLAS BAJA', '050301'),
('626', 'CHALLAJCHI', '050301'),
('627', 'VILLCAPUJJIO', '050301'),
('628', 'TRAPICHI BAJA', '050301'),
('629', 'VILA VILA', '050301'),
('630', 'EL TERRADO', '050301'),
('631', 'SAN BLAS DE PUITA', '050301'),
('632', 'PAMPA YAPU', '050301'),
('633', 'TOCLA', '050301'),
('634', 'HUECO', '050301'),
('635', 'MARIACA', '050301'),
('636', 'COA COA', '050301'),
('637', 'HUANU HUANU', '050301'),
('638', 'OTUYO', '050301'),
('639', 'VIÑA PAMPA', '050301'),
('640', 'PUJYUNI', '050301'),
('641', 'DESPENZA', '050301'),
('642', 'COIPASI', '050302'),
('643', 'EL PALOMAR', '050302'),
('644', 'RODERO', '050302'),
('645', 'DON DIEGO', '050302'),
('646', 'TRAJA PAMPA', '050301'),
('647', 'TIRQUIBUCO', '050301'),
('648', 'TRAPICHI', '050301'),
('649', 'PARANAVI ALTA', '050301'),
('650', 'POTOBAMBA', '050303'),
('651', 'RODEO', '050303'),
('652', 'ARSULI PAMPA', '050303'),
('653', 'TACOBAMBA', '050303'),
('654', 'VINAVI', '050303'),
('655', 'CASTILLA UNO', '050303'),
('656', 'CHALAMA', '050303'),
('657', 'CAHUAYO', '050104'),
('658', 'POTOSI', '050104'),
('659', 'CHAYANTA', '050104'),
('660', 'TOLAPAMPA', '050104'),
('661', 'VACUYO', '050104'),
('662', 'PICHAKANI CANAVIRI', '050104'),
('663', 'CHALLAMA HUARI HUARI', '050104'),
('664', 'LIMOMA', '050104'),
('665', 'XXX', '050102'),
('666', 'TUISURI', '050102'),
('667', 'PUJYUPATA', '050102'),
('668', 'CUCHIPAYA', '050102'),
('669', 'TOCANTAQUI', '050102'),
('670', 'SETARA', '050102'),
('671', 'ATHENA', '050102'),
('672', 'PUCA PUNTA', '050102'),
('673', 'TURACKARI', '050102'),
('674', 'CARMONA', '050102'),
('675', 'TIRCUMA', '050102'),
('676', 'QHACHIPAYA', '050102'),
('677', 'ACTARA', '050102'),
('653', 'TACOBAMBA', '050303'),
('678', 'TURQUI', '050103'),
('679', 'YURAC QHASA', '050103'),
('680', 'CHIRACORO', '050103'),
('681', 'YOCALLA', '050103'),
('682', 'BELEN PAMPA', '050103'),
('683', 'TOTORA PAMPA', '050103'),
('684', 'PAMPA INGENIO', '050103'),
('685', 'CHALVIRI', '050103'),
('686', 'CIENEGUILLAS', '050103'),
('687', 'CHARCAS FLORIDA', '050302'),
('688', 'URMIRI', '050104'),
('689', 'FINAVE', '050104'),
('690', 'VILLA MARCAVI', '050104'),
('691', 'POJYU', '050104'),
('692', 'FINAGUA', '050104'),
('693', 'VILLA CERCA', '050104'),
('694', 'URMIRI PAMPA', '050104'),
('695', 'TERMA', '051101'),
('696', 'HUARA HUARA', '051101'),
('697', 'SANTA BARBARA', '051101'),
('698', 'KARACHIPAMPA', '050101'),
('699', 'CAÑADA STRONGER', '050101');

-- --------------------------------------------------------

--
-- Estructura de tabla para la tabla `departamento`
--

CREATE TABLE IF NOT EXISTS `departamento` (
  `cod_depa` varchar(10) COLLATE latin1_spanish_ci DEFAULT NULL,
  `nombre` varchar(20) COLLATE latin1_spanish_ci DEFAULT NULL
) ENGINE=InnoDB DEFAULT CHARSET=latin1 COLLATE=latin1_spanish_ci;

--
-- Volcado de datos para la tabla `departamento`
--

INSERT INTO `departamento` (`cod_depa`, `nombre`) VALUES
('010000    ', 'CHUQUISACA          '),
('020000    ', 'LA PAZ              '),
('030000    ', 'COCHABAMBA          '),
('040000    ', 'ORURO               '),
('050000    ', 'POTOSI              '),
('060000    ', 'TARIJA              '),
('070000    ', 'SANTA CRUZ          '),
('080000    ', 'BENI                '),
('090000    ', 'PANDO               ');


--
-- Estructura de tabla para la tabla `estable_salud`
--

CREATE TABLE IF NOT EXISTS `estable_salud` (
  `cod_estable_salud` varchar(10) COLLATE latin1_spanish_ci DEFAULT NULL,
  `nombre` varchar(40) COLLATE latin1_spanish_ci DEFAULT NULL,
  `tipo` varchar(1) COLLATE latin1_spanish_ci DEFAULT NULL,
  `cod_muni` varchar(10) COLLATE latin1_spanish_ci DEFAULT NULL
) ENGINE=InnoDB DEFAULT CHARSET=latin1 COLLATE=latin1_spanish_ci;

--
-- Volcado de datos para la tabla `estable_salud`
--

INSERT INTO `estable_salud` (`cod_estable_salud`, `nombre`, `tipo`, `cod_muni`) VALUES
('1         ', 'C.S. AVAROA                             ', ' ', '050301    '),
('10        ', 'C.S. VILA VILA                          ', ' ', '050301    '),
('100       ', 'C.S. CKARA CKARA (OCURI)                ', ' ', '050404    '),
('101       ', 'C.S. OCURI                              ', ' ', '050404    '),
('102       ', 'P.S. JUTHY                              ', ' ', '050404    '),
('103       ', 'P.S. LUYUPAMPA                          ', ' ', '050404    '),
('104       ', 'P.S. MARAGUA                            ', ' ', '050404    '),
('105       ', 'P.S. MARCOMA                            ', ' ', '050404    '),
('106       ', 'P.S. MILLUNI                            ', ' ', '050404    '),
('107       ', 'P.S. PEAÑA                              ', ' ', '050404    '),
('108       ', 'P.S. PUCALOMA                           ', ' ', '050404    '),
('109       ', 'P.S. YURIMATA                           ', ' ', '050404    '),
('11        ', 'C.S. VILLA CARMEN                       ', ' ', '050301    '),
('110       ', 'C.S. POCOATA                            ', ' ', '050403    '),
('111       ', 'C.S. SAN MIGUEL DE KHARI                ', ' ', '050403    '),
('112       ', 'P.S. ALCARAPI                           ', ' ', '050403    '),
('113       ', 'P.S. CAMPAYA                            ', ' ', '050403    '),
('114       ', 'P.S. COLLANA TUICA                      ', ' ', '050403    '),
('115       ', 'P.S. COLLPA Q`ASA                       ', ' ', '050403    '),
('116       ', 'P.S. HUANCARANI                         ', ' ', '050403    '),
('117       ', 'P.S. KHAPAJRANCHO                       ', ' ', '050403    '),
('118       ', 'P.S. PACOTANCA                          ', ' ', '050403    '),
('119       ', 'P.S. QUESINFUCO                         ', ' ', '050403    '),
('12        ', 'P.S. ANCOMAYO                           ', ' ', '050301    '),
('120       ', 'P.S. SARIJCHI                           ', ' ', '050403    '),
('121       ', 'P.S. TOLAPAMPA                          ', ' ', '050403    '),
('122       ', 'P.S. TOTORA (POCOATA)                   ', ' ', '050403    '),
('123       ', 'P.S. UREKA                              ', ' ', '050403    '),
('124       ', 'P.S. YAWACO                             ', ' ', '050403    '),
('125       ', 'C.S. RAVELO                             ', ' ', '050402    '),
('126       ', 'P.S. ANTORA                             ', ' ', '050402    '),
('127       ', 'P.S. HUAYCOMA                           ', ' ', '050402    '),
('128       ', 'P.S. JANINA                             ', ' ', '050402    '),
('129       ', 'P.S. KUTURI                             ', ' ', '050402    '),
('13        ', 'P.S. B.PUITA                            ', ' ', '050301    '),
('130       ', 'P.S. LACAYANI                           ', ' ', '050402    '),
('131       ', 'P.S. PITANTORA                          ', ' ', '050402    '),
('132       ', 'P.S. RODEO                              ', ' ', '050402    '),
('133       ', 'P.S. TOMOYO                             ', ' ', '050402    '),
('134       ', 'P.S. YUCURI                             ', ' ', '050402    '),
('135       ', 'P.S. YURUBAMBA                          ', ' ', '050402    '),
('136       ', 'C.S. CHAQUILLA                          ', ' ', '051203    '),
('137       ', 'C.S. PORCO                              ', ' ', '051203    '),
('138       ', 'P.S. CARMA                              ', ' ', '051203    '),
('139       ', 'C.S. YURA                               ', ' ', '051202    '),
('14        ', 'P.S. BUEY TAMBO                         ', ' ', '050301    '),
('140       ', 'P.S. CALAZAYA                           ', ' ', '051202    '),
('141       ', 'P.S. CARLOS MACHICADO                   ', ' ', '051202    '),
('142       ', 'P.S. KORKA                              ', ' ', '051202    '),
('143       ', 'P.S. PAJCHA                             ', ' ', '051202    '),
('144       ', 'P.S. TACORA                             ', ' ', '051202    '),
('145       ', 'P.S. TARANA                             ', ' ', '051202    '),
('146       ', 'P.S. TAURO                              ', ' ', '051202    '),
('147       ', 'P.S. TICA TICA                          ', ' ', '051202    '),
('148       ', 'P.S. TOLAPAMPA - POTOSI                 ', ' ', '051202    '),
('149       ', 'P.S. TOMAVE                             ', ' ', '051202    '),
('15        ', 'P.S. HUANO HUANO                        ', ' ', '050301    '),
('150       ', '"P.S. TOTORA  ""K"""                    ', ' ', '051202    '),
('151       ', 'C.S. RODEO                              ', ' ', '050303    '),
('152       ', 'C.S. TACOBAMBA                          ', ' ', '050303    '),
('153       ', 'P.S. CERCA CANCHA                       ', ' ', '050303    '),
('154       ', 'P.S. CHALLVIRI                          ', ' ', '050303    '),
('155       ', 'P.S. COLAVI                             ', ' ', '050303    '),
('156       ', 'P.S. HUERTAMAYU                         ', ' ', '050303    '),
('157       ', 'P.S. MIGMA                              ', ' ', '050303    '),
('158       ', 'C.S. BELEN DE URMIRI                    ', ' ', '050104    '),
('159       ', 'P.S. PUITUCO                            ', ' ', '050104    '),
('16        ', 'P.S. KOA KOA                            ', ' ', '050301    '),
('160       ', 'P.S. VACUYO                             ', ' ', '050104    '),
('161       ', 'C.S. AZANGARO                           ', ' ', '050101    '),
('162       ', 'C.S. C.I.E.S.                           ', ' ', '050101    '),
('163       ', 'C.S. CAJA PETROLERA                     ', ' ', '050101    '),
('164       ', 'C.S. CANTUMARCA                         ', ' ', '050101    '),
('165       ', 'C.S. CENTRO DE EMERGENCIAS              ', ' ', '050101    '),
('166       ', 'C.S. COSSMIL                            ', ' ', '050101    '),
('167       ', 'C.S. CRUZ ROJA                          ', ' ', '050101    '),
('168       ', 'C.S. DISPENSARIO SAN GERARDO            ', ' ', '050101    '),
('169       ', 'C.S. EMERGENCIA (SEDES)                 ', ' ', '050101    '),
('17        ', 'P.S. LA FLORIDA                         ', ' ', '050301    '),
('170       ', 'C.S. HUARI HUARI                        ', ' ', '050101    '),
('171       ', 'C.S. LAS DELICIAS                       ', ' ', '050101    '),
('172       ', 'C.S. PAILAVIRI                          ', ' ', '050101    '),
('173       ', 'C.S. PARY ORKO                          ', ' ', '050101    '),
('174       ', 'C.S. PENAL DE CANTUMARCA                ', ' ', '050101    '),
('175       ', 'C.S. PLAN 40                            ', ' ', '050101    '),
('176       ', 'C.S. POTOSI                             ', ' ', '050101    '),
('177       ', 'C.S. SAGRADA FAMILIA                    ', ' ', '050101    '),
('178       ', 'C.S. SAN BENITO                         ', ' ', '050101    '),
('179       ', 'C.S. SAN CRISTOBAL                      ', ' ', '050101    '),
('18        ', 'P.S. LAGUNILLAS                         ', ' ', '050301    '),
('180       ', 'C.S. SAN GERARDO                        ', ' ', '050101    '),
('181       ', 'C.S. SAN PEDRO                          ', ' ', '050101    '),
('182       ', 'C.S. SAN ROQUE                          ', ' ', '050101    '),
('183       ', 'C.S. SENAC                              ', ' ', '050101    '),
('184       ', 'C.S. VILLA COLON                        ', ' ', '050101    '),
('185       ', 'C.S. VILLA VENEZUELA                    ', ' ', '050101    '),
('186       ', 'HOSP. BOL-CUBA SAN CRISTOBAL            ', ' ', '050101    '),
('187       ', 'HOSP. D. BRACAMONTE                     ', ' ', '050101    '),
('188       ', 'HOSP. N.I.S. DE CONCEPCION              ', ' ', '050101    '),
('189       ', 'HOSP. OBRERO # 5 CNS                    ', ' ', '050101    '),
('19        ', 'P.S. MARIACA                            ', ' ', '050301    '),
('190       ', 'HOSP. S.S. UNIVERSITARIO                ', ' ', '050101    '),
('191       ', 'P.S. CHAQUILLA ALTA                     ', ' ', '050101    '),
('192       ', 'P.S. CHULLCHUCANI                       ', ' ', '050101    '),
('193       ', 'P.S. SANTIAGO DE OCKORURO               ', ' ', '050101    '),
('194       ', 'P.S. TARAPAYA                           ', ' ', '050101    '),
('195       ', 'C.S. TINGUIPAYA                         ', ' ', '050102    '),
('196       ', 'P.S. ACTARA                             ', ' ', '050102    '),
('197       ', 'P.S. ANTHURA                            ', ' ', '050102    '),
('198       ', 'P.S. CAIMOMA                            ', ' ', '050102    '),
('199       ', 'P.S. CALLPA PAMPA                       ', ' ', '050102    '),
('2         ', 'C.S. BETANZOS                           ', ' ', '050301    '),
('20        ', 'P.S. OTUYO                              ', ' ', '050301    '),
('200       ', 'P.S. CHALLA MAYU                        ', ' ', '050102    '),
('201       ', 'P.S. CIENEGOMA                          ', ' ', '050102    '),
('202       ', 'P.S. JAHUACAYA                          ', ' ', '050102    '),
('203       ', 'P.S. KELLU CANCHA                       ', ' ', '050102    '),
('204       ', 'P.S. MUITA                              ', ' ', '050102    '),
('205       ', 'P.S. PUJYU PAMPA                        ', ' ', '050102    '),
('206       ', 'P.S. PUKA PUNTA                         ', ' ', '050102    '),
('207       ', 'P.S. SAYACA                             ', ' ', '050102    '),
('208       ', 'P.S. SIHUAYO                            ', ' ', '050102    '),
('209       ', 'P.S. TALULA                             ', ' ', '050102    '),
('21        ', 'P.S. QUIVINCHA                          ', ' ', '050301    '),
('210       ', 'P.S. TUISURI                            ', ' ', '050102    '),
('211       ', 'C.S. YOCALLA                            ', ' ', '050103    '),
('212       ', 'P.S. CAYARA                             ', ' ', '050103    '),
('213       ', 'P.S. CHIRACORO                          ', ' ', '050103    '),
('214       ', 'P.S. TOTORA D                           ', ' ', '050103    '),
('215       ', 'P.S. TURQUI                             ', ' ', '050103    '),
('216       ', 'P.S. YURAC CKASA                        ', ' ', '050103    '),
('217       ', 'C.S. CAIZA D                            ', ' ', '051102    '),
('218       ', 'C.S. CUCHU INGENIO                      ', ' ', '051102    '),
('219       ', 'C.S. TRES CRUCES                        ', ' ', '051102    '),
('22        ', 'P.S. SIPORO                             ', ' ', '050301    '),
('220       ', 'P.S. ALCATUYO                           ', ' ', '051102    '),
('221       ', 'P.S. CALTAPI PUNKU                      ', ' ', '051102    '),
('222       ', 'P.S. CHILLMA                            ', ' ', '051102    '),
('223       ', 'P.S. FRAGUA                             ', ' ', '051102    '),
('224       ', 'P.S. HORNOS                             ', ' ', '051102    '),
('225       ', 'P.S. HUICHACA                           ', ' ', '051102    '),
('226       ', 'P.S. LA LAVA                            ', ' ', '051102    '),
('227       ', 'P.S. PANCOCHI                           ', ' ', '051102    '),
('228       ', 'P.S. TUCTAPARI                          ', ' ', '051102    '),
('229       ', 'C.S. CALAPAYA                           ', ' ', '051101    '),
('23        ', 'P.S. TIRISPAYA                          ', ' ', '050301    '),
('230       ', 'C.S. CHECCHI                            ', ' ', '051101    '),
('231       ', 'C.S. CHINOLI                            ', ' ', '051101    '),
('232       ', 'C.S. CKOCHAS                            ', ' ', '051101    '),
('233       ', 'C.S. KELUYO                             ', ' ', '051101    '),
('234       ', 'C.S. KEPALLO                            ', ' ', '051101    '),
('235       ', 'C.S. OTAVI                              ', ' ', '051101    '),
('236       ', 'C.S. PACASI                             ', ' ', '051101    '),
('237       ', 'C.S. PUNA                               ', ' ', '051101    '),
('238       ', 'C.S. TURUCHIPA                          ', ' ', '051101    '),
('239       ', 'P.S. AUCAPAMPA                          ', ' ', '051101    '),
('24        ', 'P.S. TRAPICHE BAJO                      ', ' ', '050301    '),
('240       ', 'P.S. CAPAÑA                             ', ' ', '051101    '),
('241       ', 'P.S. CARPA HUATA                        ', ' ', '051101    '),
('242       ', 'P.S. ESMERALDA ALTA                     ', ' ', '051101    '),
('243       ', 'P.S. HUATINA                            ', ' ', '051101    '),
('244       ', 'P.S. HUAYLLAJARA                        ', ' ', '051101    '),
('245       ', 'P.S. LAJAS                              ', ' ', '051101    '),
('246       ', 'P.S. MEDIA LUNA                         ', ' ', '051101    '),
('247       ', 'P.S. MELENA ALTA                        ', ' ', '051101    '),
('248       ', 'P.S. MICULPAYA                          ', ' ', '051101    '),
('249       ', 'P.S. MOLLES                             ', ' ', '051101    '),
('25        ', 'P.S. URIFAYA                            ', ' ', '050301    '),
('250       ', 'P.S. ORONKOTA                           ', ' ', '051101    '),
('251       ', 'P.S. SAN LORENZO - PUNA                 ', ' ', '051101    '),
('252       ', 'P.S. SAN PEDRO DE ESQUIRI               ', ' ', '051101    '),
('253       ', 'P.S. SEOCOCHI                           ', ' ', '051101    '),
('254       ', 'P.S. SEPULTURAS - POTOSI                ', ' ', '051101    '),
('255       ', 'P.S. SUQUICHA                           ', ' ', '051101    '),
('256       ', 'P.S. TOCLA (PUNA)                       ', ' ', '051101    '),
('257       ', 'P.S. TOMBILLO                           ', ' ', '051101    '),
('258       ', 'P.S. TOMOLA                             ', ' ', '051101    '),
('259       ', 'P.S. TURQUIÑA                           ', ' ', '051101    '),
('26        ', 'P.S. VIÑA QUEMADA                       ', ' ', '050301    '),
('260       ', 'P.S. UYUNI (PUNA)                       ', ' ', '051101    '),
('261       ', 'P.S. VILACAYA                           ', ' ', '051101    '),
('262       ', 'P.S. YASCAPI                            ', ' ', '051101    '),
('263       ', 'P.S. ÑUQUI                              ', ' ', '051101    '),
('264       ', 'C.S. CARIPUYO                           ', ' ', '050702    '),
('265       ', 'C.S. JANKO JANKO                        ', ' ', '050702    '),
('266       ', 'P.S. CHOJLLA                            ', ' ', '050702    '),
('267       ', 'P.S. HUANACOMA                          ', ' ', '050702    '),
('268       ', 'P.S. HUAÑACHACA                         ', ' ', '050702    '),
('269       ', 'P.S. LACAYA                             ', ' ', '050702    '),
('27        ', 'C.S. CHAQUI                             ', ' ', '050302    '),
('270       ', 'C.S. COLLOMA                            ', ' ', '050701    '),
('271       ', 'C.S. MALLCUCHAPI                        ', ' ', '050701    '),
('272       ', 'C.S. SACACA                             ', ' ', '050701    '),
('273       ', 'C.S. SAKANI                             ', ' ', '050701    '),
('274       ', 'P.S. HUARAYA                            ', ' ', '050701    '),
('275       ', 'P.S. JANKARACHI                         ', ' ', '050701    '),
('276       ', 'P.S. LAYUPAMPA                          ', ' ', '050701    '),
('277       ', 'P.S. PICHUYA                            ', ' ', '050701    '),
('278       ', 'P.S. SILLU SILLU                        ', ' ', '050701    '),
('279       ', 'P.S. TARHUACHAPI                        ', ' ', '050701    '),
('28        ', 'C.S. COIPASI                            ', ' ', '050302    '),
('280       ', 'C.S. CHIRO K´ASA                        ', ' ', '050501    '),
('281       ', 'C.S. MICANI                             ', ' ', '050501    '),
('282       ', 'C.S. SAN PEDRO DE B.V.                  ', ' ', '050501    '),
('283       ', 'P.S. COCHUBAMDURIRI                     ', ' ', '050501    '),
('284       ', 'P.S. ESQUENCACHI                        ', ' ', '050501    '),
('285       ', 'P.S. MOSCARI                            ', ' ', '050501    '),
('286       ', 'P.S. PAIRUMANI                          ', ' ', '050501    '),
('287       ', 'P.S. QUINAMARA                          ', ' ', '050501    '),
('288       ', 'P.S. SAN MARCOS                         ', ' ', '050501    '),
('289       ', 'P.S. SURAGUA                            ', ' ', '050501    '),
('29        ', 'P.S. BAÑOS CHAQUI                       ', ' ', '050302    '),
('290       ', 'P.S. TORACARI                           ', ' ', '050501    '),
('291       ', 'C.S. JULO                               ', ' ', '050502    '),
('292       ', 'C.S. TORO TORO                          ', ' ', '050502    '),
('293       ', 'C.S. YAMBATA                            ', ' ', '050502    '),
('294       ', 'P.S. AÑAHUANI                           ', ' ', '050502    '),
('295       ', 'P.S. CARASI                             ', ' ', '050502    '),
('296       ', 'P.S. PALLA PALLA                        ', ' ', '050502    '),
('297       ', 'P.S. POCOSUCO                           ', ' ', '050502    '),
('298       ', 'P.S. TAMBO K´ASA                        ', ' ', '050502    '),
('299       ', 'C.S. ACACIO                             ', ' ', '051302    '),
('3         ', 'C.S. BETANZOS C.N.S.                    ', ' ', '050301    '),
('30        ', 'P.S. CHICO CHICO                        ', ' ', '050302    '),
('300       ', 'P.S. CHURITACA                          ', ' ', '051302    '),
('301       ', 'P.S. KIRUSILLANI                        ', ' ', '051302    '),
('302       ', 'P.S. PIRIQUINA                          ', ' ', '051302    '),
('303       ', 'P.S. TORNO K`ASA                        ', ' ', '051302    '),
('304       ', 'P.S. TOTOROMA                           ', ' ', '051302    '),
('305       ', 'C.S. ARAMPAMPA                          ', ' ', '051301    '),
('306       ', 'P.S. ASANQUIRI                          ', ' ', '051301    '),
('307       ', 'P.S. KOARACA                            ', ' ', '051301    '),
('308       ', 'P.S. SANTIAGO                           ', ' ', '051301    '),
('309       ', 'P.S. SARCURI                            ', ' ', '051301    '),
('31        ', 'P.S. CHIUTALUYO                         ', ' ', '050302    '),
('310       ', 'C.S. ANIMAS                             ', ' ', '050802    '),
('311       ', 'C.S. ATOCHA                             ', ' ', '050802    '),
('312       ', 'C.S. CHOROLQUE                          ', ' ', '050802    '),
('313       ', 'C.S. SANTA BARBARA                      ', ' ', '050802    '),
('314       ', 'C.S. SIETE SUYOS                        ', ' ', '050802    '),
('315       ', 'C.S. TATASI                             ', ' ', '050802    '),
('316       ', 'HOSP. OBRERO 13                         ', ' ', '050802    '),
('317       ', 'P.S. COTANI                             ', ' ', '050802    '),
('318       ', 'P.S. GUADALUPE ATOCHA                   ', ' ', '050802    '),
('319       ', 'P.S. SAN VICENTE                        ', ' ', '050802    '),
('32        ', 'P.S. DON DIEGO                          ', ' ', '050302    '),
('320       ', 'P.S. TATASI B                           ', ' ', '050802    '),
('321       ', 'P.S. TELAMAYU                           ', ' ', '050802    '),
('322       ', 'C.S. CHILCOBIJA                         ', ' ', '050801    '),
('323       ', 'C.S. CHUQUIAGO                          ', ' ', '050801    '),
('324       ', 'C.S. COSSMIL                            ', ' ', '050801    '),
('325       ', 'C.S. ESMORACA                           ', ' ', '050801    '),
('326       ', 'C.S. ESTARCA                            ', ' ', '050801    '),
('327       ', 'C.S. OPLOCA                             ', ' ', '050801    '),
('328       ', 'C.S. POLICONSULTORIO NRO. 37            ', ' ', '050801    '),
('329       ', 'C.S. RIO BLANCO                         ', ' ', '050801    '),
('33        ', 'P.S. EL PALOMAR                         ', ' ', '050302    '),
('330       ', 'C.S. SAN ANTONIO (TUPIZA)               ', ' ', '050801    '),
('331       ', 'C.S. SAN GERARDO                        ', ' ', '050801    '),
('332       ', 'C.S. SENAC - TUPIZA                     ', ' ', '050801    '),
('333       ', 'C.S. SUD                                ', ' ', '050801    '),
('334       ', 'C.S. SUIPACHA                           ', ' ', '050801    '),
('335       ', 'C.S. TALINA                             ', ' ', '050801    '),
('336       ', 'C.S. TUPIZA                             ', ' ', '050801    '),
('337       ', 'C.S. VILLA FATIMA                       ', ' ', '050801    '),
('338       ', 'C.S. VILLA PACHECO                      ', ' ', '050801    '),
('339       ', 'HOSP. EDUARDO EGUÍA                     ', ' ', '050801    '),
('34        ', 'C.S. CKARA CARA (COTAGAITA)             ', ' ', '050601    '),
('340       ', 'P.S. ALTO MAMAHOTA                      ', ' ', '050801    '),
('341       ', 'P.S. CHACOPAMPA                         ', ' ', '050801    '),
('342       ', 'P.S. HUMACHA                            ', ' ', '050801    '),
('343       ', 'P.S. KENKO                              ', ' ', '050801    '),
('344       ', 'P.S. MOLINO                             ', ' ', '050801    '),
('345       ', 'P.S. NAZARENO                           ', ' ', '050801    '),
('346       ', 'P.S. OPLOCA                             ', ' ', '050801    '),
('347       ', 'P.S. ORO INGENIO                        ', ' ', '050801    '),
('348       ', 'P.S. PALQUIZA                           ', ' ', '050801    '),
('349       ', 'P.S. PEÑA AMARILLA                      ', ' ', '050801    '),
('35        ', 'C.S. CORNACA                            ', ' ', '050601    '),
('350       ', 'P.S. PIEDRAS BLANCAS                    ', ' ', '050801    '),
('351       ', 'P.S. QUIRIZA                            ', ' ', '050801    '),
('352       ', 'P.S. REYNECILLAS                        ', ' ', '050801    '),
('353       ', 'P.S. SALO                               ', ' ', '050801    '),
('354       ', 'P.S. SAN JOSE PAMPA GRANDE              ', ' ', '050801    '),
('355       ', 'P.S. SAN MIGUEL                         ', ' ', '050801    '),
('356       ', 'P.S. SUPIRA                             ', ' ', '050801    '),
('357       ', 'P.S. TAMBO                              ', ' ', '050801    '),
('358       ', 'P.S. TAPAXA                             ', ' ', '050801    '),
('359       ', 'P.S. TOCLOCA                            ', ' ', '050801    '),
('36        ', 'C.S. COTAGAITA                          ', ' ', '050601    '),
('360       ', 'P.S. VISCACHANI                         ', ' ', '050801    '),
('361       ', 'P.S. ZAPATERA                           ', ' ', '050801    '),
('362       ', 'C.S. MOJINETE                           ', ' ', '051002    '),
('363       ', 'P.S. CASA GRANDE                        ', ' ', '051002    '),
('364       ', 'P.S. LA CIENEGA                         ', ' ', '051002    '),
('365       ', 'C.S. SAN ANTONIO DE ESMORUCO            ', ' ', '051003    '),
('366       ', 'P.S. GUADALUPE (SAN ANTONIO)            ', ' ', '051003    '),
('367       ', 'P.S. RIO MOJON                          ', ' ', '051003    '),
('368       ', 'P.S. RIO SECO                           ', ' ', '051003    '),
('369       ', 'C.S. SAN PABLO DE LIPEZ                 ', ' ', '051001    '),
('37        ', 'C.S. COTAGAITA (CAJA)                   ', ' ', '050601    '),
('370       ', 'P.S. CERRILLOS                          ', ' ', '051001    '),
('371       ', 'P.S. POLULOS                            ', ' ', '051001    '),
('372       ', 'P.S. QUETENA CHICO                      ', ' ', '051001    '),
('373       ', 'P.S. QUETENA GRANDE                     ', ' ', '051001    '),
('374       ', 'P.S. RELAVE                             ', ' ', '051001    '),
('375       ', 'P.S. RIO SAN PABLO                      ', ' ', '051001    '),
('376       ', 'P.S. SAN ANTONIO DE LIPEZ               ', ' ', '051001    '),
('377       ', 'P.S. SANTA ISABEL                       ', ' ', '051001    '),
('378       ', 'P.S. VILUYO                             ', ' ', '051001    '),
('379       ', 'C.S. CHAYANTA                           ', ' ', '050202    '),
('38        ', 'C.S. PALCA HIGUERAS                     ', ' ', '050601    '),
('380       ', 'C.S. IRUPATA                            ', ' ', '050202    '),
('381       ', 'C.S. PANACACHI                          ', ' ', '050202    '),
('382       ', 'P.S. AMAYAPAMPA                         ', ' ', '050202    '),
('383       ', 'P.S. AYMAYA                             ', ' ', '050202    '),
('384       ', 'P.S. CHAYANTA CALA CALA                 ', ' ', '050202    '),
('385       ', 'P.S. CNS  AMAYAPAMPA                    ', ' ', '050202    '),
('386       ', 'P.S. CNS CHAYANTA                       ', ' ', '050202    '),
('387       ', 'P.S. COATACA                            ', ' ', '050202    '),
('388       ', 'P.S. ENTRE RIOS (CHAYANTA)              ', ' ', '050202    '),
('389       ', 'P.S. KEWAYLLUNI                         ', ' ', '050202    '),
('39        ', 'C.S. SAGRARIO(CAJA)                     ', ' ', '050601    '),
('390       ', 'P.S. KOPANA                             ', ' ', '050202    '),
('391       ', 'P.S. QUINTA PAMPA                       ', ' ', '050202    '),
('392       ', 'C.S. CATAVI                             ', ' ', '050203    '),
('393       ', 'C.S. CNS POLICLINICO LLALLAGUA          ', ' ', '050203    '),
('394       ', 'C.S. MADRE OBRERA                       ', ' ', '050203    '),
('395       ', 'C.S. SIGLO XX                           ', ' ', '050203    '),
('396       ', 'HOSP. MADRE OBRERA (LLALLAGUA)          ', ' ', '050203    '),
('397       ', 'P.S. CAMANI                             ', ' ', '050203    '),
('398       ', 'P.S. CAPUNITA                           ', ' ', '050203    '),
('399       ', 'P.S. CNS  CATAVI                        ', ' ', '050203    '),
('4         ', 'C.S. CHACPI GRANDE                      ', ' ', '050301    '),
('40        ', 'C.S. TABLAYA CHICA                      ', ' ', '050601    '),
('400       ', 'P.S. JACHOJO                            ', ' ', '050203    '),
('401       ', 'P.S. SAUTA                              ', ' ', '050203    '),
('402       ', 'P.S. UYUNI                              ', ' ', '050203    '),
('403       ', 'C.S. CALA CALA                          ', ' ', '050201    '),
('404       ', 'C.S. CHUQUIUTA                          ', ' ', '050201    '),
('405       ', 'C.S. MOROCOMARCA                        ', ' ', '050201    '),
('406       ', 'C.S. PATA PATA GRANDE                   ', ' ', '050201    '),
('407       ', 'C.S. UNCIA                              ', ' ', '050201    '),
('408       ', 'HOSP. OBRERO Nº11 UNCIA                 ', ' ', '050201    '),
('409       ', 'P.S. ARANIPAMPA                         ', ' ', '050201    '),
('41        ', 'C.S. TASNA RETIRO                       ', ' ', '050601    '),
('410       ', 'P.S. CNS CHUQUIUTA                      ', ' ', '050201    '),
('411       ', 'P.S. MERKAYMAYA                         ', ' ', '050201    '),
('412       ', 'P.S. MIKANI                             ', ' ', '050201    '),
('413       ', 'C.S. COROMA                             ', ' ', '051201    '),
('414       ', 'C.S. PULACAYO C.N.S.                    ', ' ', '051201    '),
('415       ', 'C.S. RIO MULATO                         ', ' ', '051201    '),
('416       ', 'C.S. UYUNI                              ', ' ', '051201    '),
('417       ', 'HOSP. OBRERO C.N.S.                     ', ' ', '051201    '),
('418       ', 'P.S. ALPACANI-QUEHUA                    ', ' ', '051201    '),
('419       ', 'P.S. BELLA VISTA - UYUNI                ', ' ', '051201    '),
('42        ', 'C.S. TASNA ROSARIO                      ', ' ', '050601    '),
('420       ', 'P.S. CANDELARIA DE VILUYO               ', ' ', '051201    '),
('421       ', 'P.S. CERDAS                             ', ' ', '051201    '),
('422       ', 'P.S. COLCHANI                           ', ' ', '051201    '),
('423       ', 'P.S. POLICLINICO UYUNI C.N.S.           ', ' ', '051201    '),
('424       ', 'P.S. PULACAYO                           ', ' ', '051201    '),
('425       ', 'P.S. TUSQUI                             ', ' ', '051201    '),
('426       ', 'C.S. LLICA                              ', ' ', '051401    '),
('427       ', 'P.S. BELLA  VISTA                       ', ' ', '051401    '),
('428       ', 'P.S. CHACOMA - POTOSI                   ', ' ', '051401    '),
('429       ', 'P.S. HUANAQUE                           ', ' ', '051401    '),
('43        ', 'C.S. TOROPALCA                          ', ' ', '050601    '),
('430       ', 'P.S. LLICA C.N.S.                       ', ' ', '051401    '),
('431       ', 'P.S. PALAYA                             ', ' ', '051401    '),
('432       ', 'P.S. SEJCIHUA                           ', ' ', '051401    '),
('433       ', 'P.S. TRES CRUCES                        ', ' ', '051401    '),
('434       ', 'P.S. VILLA AROMA                        ', ' ', '051401    '),
('435       ', 'C.S. TAHUA                              ', ' ', '051402    '),
('436       ', 'P.S. CAQUENA                            ', ' ', '051402    '),
('437       ', 'P.S. YONZA                              ', ' ', '051402    '),
('438       ', 'C.S. SAN AGUSTIN                        ', ' ', '051601    '),
('439       ', 'P.S. ALOTA                              ', ' ', '051601    '),
('44        ', 'C.S. TOTORA (COTAGAITA)                 ', ' ', '050601    '),
('440       ', 'P.S. TODO- SANTOS                       ', ' ', '051601    '),
('441       ', '"C.S. COLCHA ""K"""                     ', ' ', '050901    '),
('442       ', 'C.S. SAN CRISTOBAL                      ', ' ', '050901    '),
('443       ', 'C.S. SAN JUAN - POTOSI                  ', ' ', '050901    '),
('444       ', '"P.S. CALCHA ""K"""                     ', ' ', '050901    '),
('445       ', 'P.S. COCANI                             ', ' ', '050901    '),
('446       ', '"P.S. COLCHA ""K"" C.N.S."              ', ' ', '050901    '),
('447       ', 'P.S. COPACABANA                         ', ' ', '050901    '),
('448       ', '"P.S. CULPINA ""K"""                    ', ' ', '050901    '),
('449       ', 'P.S. POZO CABADO                        ', ' ', '050901    '),
('45        ', 'C.S. TUMUSLA                            ', ' ', '050601    '),
('450       ', 'P.S. RIO GRANDE                         ', ' ', '050901    '),
('451       ', '"P.S. SANTIAGO ""K"""                   ', ' ', '050901    '),
('452       ', 'P.S. SANTIAGO DE AGENCHA                ', ' ', '050901    '),
('453       ', 'P.S. VILLA MAR                          ', ' ', '050901    '),
('454       ', 'P.S. ZONIQUERA                          ', ' ', '050901    '),
('455       ', 'P.S. SAN PEDRO DE QUEMES                ', ' ', '050902    '),
('456       ', 'C.S. C.N.S. POLICLINICO 5               ', ' ', '051501    '),
('457       ', 'C.S. CHAGUA                             ', ' ', '051501    '),
('458       ', 'C.S. CHOSCONTY                          ', ' ', '051501    '),
('459       ', 'C.S. ELIODORO VILLAZON                  ', ' ', '051501    '),
('46        ', 'P.S. ASCANTI                            ', ' ', '050601    '),
('460       ', 'C.S. MOJO                               ', ' ', '051501    '),
('461       ', 'C.S. SAN JUAN DE DIOS                   ', ' ', '051501    '),
('462       ', 'C.S. SAN JUDAS TADEO                    ', ' ', '051501    '),
('463       ', 'C.S. SAN MARTIN                         ', ' ', '051501    '),
('464       ', 'HOSP. SAN ROQUE                         ', ' ', '051501    '),
('465       ', 'P.S. BERQUE                             ', ' ', '051501    '),
('466       ', 'P.S. CASIRA                             ', ' ', '051501    '),
('467       ', 'P.S. CHIPIHUAYCO                        ', ' ', '051501    '),
('468       ', 'P.S. HIGUERAS                           ', ' ', '051501    '),
('469       ', 'P.S. MORAYA                             ', ' ', '051501    '),
('47        ', 'P.S. CALILA                             ', ' ', '050601    '),
('470       ', 'P.S. SAGNASTY                           ', ' ', '051501    '),
('471       ', 'P.S. SELOCHA                            ', ' ', '051501    '),
('472       ', 'P.S. SOCOCHA                            ', ' ', '051501    '),
('473       ', 'P.S. YURUMA                             ', ' ', '051501    '),
('48        ', 'P.S. CAZON                              ', ' ', '050601    '),
('49        ', 'P.S. CHECOCHI                           ', ' ', '050601    '),
('5         ', 'C.S. MAMAHOTA                           ', ' ', '050301    '),
('50        ', 'P.S. CHUI CHUI                          ', ' ', '050601    '),
('51        ', 'P.S. COLLPA UNO                         ', ' ', '050601    '),
('52        ', 'P.S. COTAGAITILLA                       ', ' ', '050601    '),
('53        ', 'P.S. ESCARA                             ', ' ', '050601    '),
('54        ', 'P.S. JACOSCAPA                          ', ' ', '050601    '),
('55        ', 'P.S. LAYTAPI                            ', ' ', '050601    '),
('56        ', 'P.S. LIMETA                             ', ' ', '050601    '),
('57        ', 'P.S. MOCKO PATA                         ', ' ', '050601    '),
('58        ', 'P.S. PAMPA GRANDE                       ', ' ', '050601    '),
('59        ', 'P.S. QECHISLA                           ', ' ', '050601    '),
('6         ', 'C.S. MILLARES                           ', ' ', '050301    '),
('60        ', 'P.S. RAMADAS                            ', ' ', '050601    '),
('61        ', 'P.S. SAGRARIO                           ', ' ', '050601    '),
('62        ', 'P.S. SAN JORGE                          ', ' ', '050601    '),
('63        ', 'P.S. TAPCHIQUIRA                        ', ' ', '050601    '),
('64        ', 'P.S. TASNA                              ', ' ', '050601    '),
('65        ', 'P.S. THAPI                              ', ' ', '050601    '),
('66        ', 'P.S. TOCLA (COTAGAITA)                  ', ' ', '050601    '),
('67        ', 'P.S. URUPALCA                           ', ' ', '050601    '),
('68        ', 'P.S. VICHACLA                           ', ' ', '050601    '),
('69        ', 'P.S. VILLA CONCEPCION                   ', ' ', '050601    '),
('7         ', 'C.S. POCO POCO                          ', ' ', '050301    '),
('70        ', 'C.S. CALCHA                             ', ' ', '050602    '),
('71        ', 'C.S. VITICHI                            ', ' ', '050602    '),
('72        ', 'C.S. YAWISLA                            ', ' ', '050602    '),
('73        ', 'P.S. ARIPALCA                           ', ' ', '050602    '),
('74        ', 'P.S. CALVI                              ', ' ', '050602    '),
('75        ', 'P.S. KEHUACA GRANDE                     ', ' ', '050602    '),
('76        ', 'P.S. PECKA                              ', ' ', '050602    '),
('77        ', 'P.S. PEKAJSI                            ', ' ', '050602    '),
('78        ', 'P.S. SAN ANTONIO                        ', ' ', '050602    '),
('79        ', 'P.S. TOQUENZA                           ', ' ', '050602    '),
('8         ', 'C.S. QUIVI QUIVI                        ', ' ', '050301    '),
('80        ', 'P.S. TUSQUIÑA                           ', ' ', '050602    '),
('81        ', 'P.S. YULO                               ', ' ', '050602    '),
('82        ', 'C.S. COLQUECHACA                        ', ' ', '050401    '),
('83        ', 'C.S. COLQUECHACA (C.N.S.)               ', ' ', '050401    '),
('84        ', 'C.S. MACHA                              ', ' ', '050401    '),
('85        ', 'C.S. ULUCHI                             ', ' ', '050401    '),
('86        ', 'P.S. AYOMA                              ', ' ', '050401    '),
('87        ', 'P.S. BOMBORI                            ', ' ', '050401    '),
('88        ', 'P.S. CASTILLA HUMA                      ', ' ', '050401    '),
('89        ', 'P.S. CHALVIRI-COLQUECHACA               ', ' ', '050401    '),
('9         ', 'C.S. TIRQUIBUCO                         ', ' ', '050301    '),
('90        ', 'P.S. CHAYRAPATA                         ', ' ', '050401    '),
('91        ', 'P.S. CHUAFAYA                           ', ' ', '050401    '),
('92        ', 'P.S. FUTINA                             ', ' ', '050401    '),
('93        ', 'P.S. IRUCOYANA                          ', ' ', '050401    '),
('94        ', 'P.S. PAMPA COLORADA                     ', ' ', '050401    '),
('95        ', 'P.S. ROSARIO                            ', ' ', '050401    '),
('96        ', 'P.S. SALINAS ALTA                       ', ' ', '050401    '),
('97        ', 'P.S. THURKO                             ', ' ', '050401    '),
('98        ', 'P.S. TITIRI                             ', ' ', '050401    '),
('99        ', 'P.S. TOMAYCURI                          ', ' ', '050401    ');


--
-- Estructura de tabla para la tabla `municipio`
--

CREATE TABLE IF NOT EXISTS `municipio` (
  `cod_muni` varchar(10) COLLATE latin1_spanish_ci DEFAULT NULL,
  `nombre` varchar(70) COLLATE latin1_spanish_ci DEFAULT NULL,
  `cod_prov` varchar(10) COLLATE latin1_spanish_ci DEFAULT NULL,
  `cod_red` varchar(10) COLLATE latin1_spanish_ci DEFAULT NULL
) ENGINE=InnoDB DEFAULT CHARSET=latin1 COLLATE=latin1_spanish_ci;

--
-- Volcado de datos para la tabla `municipio`
--

INSERT INTO `municipio` (`cod_muni`, `nombre`, `cod_prov`, `cod_red`) VALUES
('010101    ', 'Sección Capital - Sucre                                               ', '010100    ', NULL),
('010102    ', 'Primera Sección - Yotala                                              ', '010100    ', NULL),
('010103    ', 'Segunda Sección - Poroma                                              ', '010100    ', NULL),
('010201    ', 'Primera Sección - Azurduy                                             ', '010200    ', NULL),
('010202    ', 'Segunda Sección - Tarvita                                             ', '010200    ', NULL),
('010301    ', 'Primera Sección - Zudáñez                                             ', '010300    ', NULL),
('010302    ', 'Segunda Sección - Presto                                              ', '010300    ', NULL),
('010303    ', 'Tercera Sección - Mojocoya                                            ', '010300    ', NULL),
('010304    ', 'Cuarta Sección - Icla                                                 ', '010300    ', NULL),
('010401    ', 'Primera Sección - Padilla                                             ', '010400    ', NULL),
('010402    ', 'Segunda Sección - Tomina                                              ', '010400    ', NULL),
('010403    ', 'Tercera Sección - Sopachuy                                            ', '010400    ', NULL),
('010404    ', 'Cuarta Sección - Villa Alcalá                                         ', '010400    ', NULL),
('010405    ', 'Quinta Sección - El Villar                                            ', '010400    ', NULL),
('010501    ', 'Primera Sección - Monteagudo                                          ', '010500    ', NULL),
('010502    ', 'Segunda Sección - Huacareta                                           ', '010500    ', NULL),
('010601    ', 'Primera Sección - Tarabuco                                            ', '010600    ', NULL),
('010602    ', 'Segunda Sección - Yamparáez                                           ', '010600    ', NULL),
('010701    ', 'Primera Sección - Camargo                                             ', '010700    ', NULL),
('010702    ', 'Segunda Sección - San Lucas                                           ', '010700    ', NULL),
('010703    ', 'Tercera Sección - Incahuasi                                           ', '010700    ', NULL),
('010801    ', 'Primera Sección - Villa Serrano                                       ', '010800    ', NULL),
('010901    ', 'Primera Sección - Camataqui (Villa Abecia)                            ', '010900    ', NULL),
('010902    ', 'Segunda Sección - Culpina                                             ', '010900    ', NULL),
('010903    ', 'Tercera Sección - Las Carreras                                        ', '010900    ', NULL),
('011001    ', 'Primera Sección - Villa Vaca Guzmán (Muyupampa)                       ', '011000    ', NULL),
('011002    ', 'Segunda Sección - Huacaya                                             ', '011000    ', NULL),
('011003    ', 'Tercera Sección - Macharetí                                           ', '011000    ', NULL),
('020101    ', 'Sección Capital - La Paz                                              ', '020100    ', NULL),
('020102    ', 'Primera Sección - Palca                                               ', '020100    ', NULL),
('020103    ', 'Segunda Sección - Mecapaca                                            ', '020100    ', NULL),
('020104    ', 'Tercera Sección - Achocalla                                           ', '020100    ', NULL),
('020105    ', 'Cuarta Sección - El Alto                                              ', '020100    ', NULL),
('020201    ', 'Primera Sección - Achacachi                                           ', '020200    ', NULL),
('020202    ', 'Segunda Sección - Ancoraimes                                          ', '020200    ', NULL),
('020301    ', 'Primera Sección - Coro Coro                                           ', '020300    ', NULL),
('020302    ', 'Segunda Sección - Caquiaviri                                          ', '020300    ', NULL),
('020303    ', 'Tercera Sección - Calacoto                                            ', '020300    ', NULL),
('020304    ', 'Cuarta Sección - Comanche                                             ', '020300    ', NULL),
('020305    ', 'Quinta Sección - Charaña                                              ', '020300    ', NULL),
('020306    ', 'Sexta Sección - Waldo Ballivián                                       ', '020300    ', NULL),
('020307    ', 'Séptima Sección - Nazacara de Pacajes                                 ', '020300    ', NULL),
('020308    ', 'Octava Sección - Santiago de Callapa                                  ', '020300    ', NULL),
('020401    ', 'Primera Sección - Puerto Acosta                                       ', '020400    ', NULL),
('020402    ', 'Segunda Sección - Mocomoco                                            ', '020400    ', NULL),
('020403    ', 'Tercera Sección - Puerto Carabuco                                     ', '020400    ', NULL),
('020501    ', 'Primera Sección - Chuma                                               ', '020500    ', NULL),
('020502    ', 'Segunda Sección - Ayata                                               ', '020500    ', NULL),
('020503    ', 'Tercera Sección - Aucapata                                            ', '020500    ', NULL),
('020601    ', 'Primera Sección - Sorata                                              ', '020600    ', NULL),
('020602    ', 'Segunda Sección - Guanay                                              ', '020600    ', NULL),
('020603    ', 'Tercera Sección - Tacacoma                                            ', '020600    ', NULL),
('020604    ', 'Cuarta Sección - Quiabaya                                             ', '020600    ', NULL),
('020605    ', 'Quinta Sección - Combaya                                              ', '020600    ', NULL),
('020606    ', 'Sexta Sección - Tipuani                                               ', '020600    ', NULL),
('020607    ', 'Séptima Sección - Mapiri                                              ', '020600    ', NULL),
('020608    ', 'Octava Sección - Teoponte                                             ', '020600    ', NULL),
('020701    ', 'Primera Sección - Apolo                                               ', '020700    ', NULL),
('020702    ', 'Segunda Sección - Pelechuco                                           ', '020700    ', NULL),
('020801    ', 'Primera Sección - Viacha                                              ', '020800    ', NULL),
('020802    ', 'Segunda Sección - Guaqui                                              ', '020800    ', NULL),
('020803    ', 'Tercera Sección - Tiahuanacu                                          ', '020800    ', NULL),
('020804    ', 'Cuarta Sección - Desaguadero                                          ', '020800    ', NULL),
('020805    ', 'Quinta Sección - San Andrés de Macahaca                               ', '020800    ', NULL),
('020806    ', 'Sexta Sección - Jesús de Machaca                                      ', '020800    ', NULL),
('020807    ', 'Séptima Sección - Taraco                                              ', '020800    ', NULL),
('020901    ', 'Primera Sección - Luribay                                             ', '020900    ', NULL),
('020902    ', 'Segunda Sección - Sapahaqui                                           ', '020900    ', NULL),
('020903    ', 'Tercera Sección - Yaco                                                ', '020900    ', NULL),
('020904    ', 'Cuarta Sección - Malla                                                ', '020900    ', NULL),
('020905    ', 'Quinta Sección - Cairoma                                              ', '020900    ', NULL),
('021001    ', 'Primera Sección - Inquisivi                                           ', '021000    ', NULL),
('021002    ', 'Segunda Sección - Quime                                               ', '021000    ', NULL),
('021003    ', 'Tercera Sección - Cajuata                                             ', '021000    ', NULL),
('021004    ', 'Cuarta Sección - Colquiri                                             ', '021000    ', NULL),
('021005    ', 'Quinta Sección - Ichoca                                               ', '021000    ', NULL),
('021006    ', 'Sexta Sección - Villa Libertad Licoma                                 ', '021000    ', NULL),
('021101    ', 'Primera Sección - Chulumani                                           ', '021100    ', NULL),
('021102    ', 'Segunda Sección - Irupana                                             ', '021100    ', NULL),
('021103    ', 'Tercera Sección - Yanacachi                                           ', '021100    ', NULL),
('021104    ', 'Cuarta Sección - Palos Blancos                                        ', '021100    ', NULL),
('021105    ', 'Quinta Sección - La Asunta                                            ', '021100    ', NULL),
('021201    ', 'Primera Sección - Pucarani                                            ', '021200    ', NULL),
('021202    ', 'Segunda Sección - Laja                                                ', '021200    ', NULL),
('021203    ', 'Tercera Sección - Batallas                                            ', '021200    ', NULL),
('021204    ', 'Cuarta Sección - Puerto Pérez                                         ', '021200    ', NULL),
('021301    ', 'Primera Sección - Sica Sica                                           ', '021300    ', NULL),
('021302    ', 'Segunda Sección - Umala                                               ', '021300    ', NULL),
('021303    ', 'Tercera Sección - Ayo Ayo                                             ', '021300    ', NULL),
('021304    ', 'Cuarta Sección - Calamarca                                            ', '021300    ', NULL),
('021305    ', 'Quinta Sección - Patacamaya                                           ', '021300    ', NULL),
('021306    ', 'Sexta Sección - Colquencha                                            ', '021300    ', NULL),
('021307    ', 'Séptima Sección - Collana                                             ', '021300    ', NULL),
('021401    ', 'Primera Sección - Coroico                                             ', '021400    ', NULL),
('021402    ', 'Segunda Sección - Coripata                                            ', '021400    ', NULL),
('021501    ', 'Primera Sección - Ixiamas                                             ', '021500    ', NULL),
('021502    ', 'Segunda Sección - San Buenaventura                                    ', '021500    ', NULL),
('021601    ', 'Primera Sección - Juan José Pérez (Charazani)                         ', '021600    ', NULL),
('021602    ', 'Segunda Sección - Curva                                               ', '021600    ', NULL),
('021701    ', 'Primera Sección - Copacabana                                          ', '021700    ', NULL),
('021702    ', 'Segunda Sección - San Pedro de Tiquina                                ', '021700    ', NULL),
('021703    ', 'Tercera Sección - Tito Yupanqui                                       ', '021700    ', NULL),
('021801    ', 'Primera Sección - San Pedro de Curahuara                              ', '021800    ', NULL),
('021802    ', 'Segunda Sección - Papel Pampa                                         ', '021800    ', NULL),
('021803    ', 'Tercera Sección - Chacarilla                                          ', '021800    ', NULL),
('021901    ', 'Primera Sección - Santiago de Machaca                                 ', '021900    ', NULL),
('021902    ', 'Segunda Sección - Catacora                                            ', '021900    ', NULL),
('022001    ', 'Primera Sección . Caranavi                                            ', '022000    ', NULL),
('030101    ', 'Primera Sección - Cochabamba                                          ', '030100    ', NULL),
('030201    ', 'Primera Sección - Aiquile                                             ', '030200    ', NULL),
('030202    ', 'Segunda Sección - Pasorapa                                            ', '030200    ', NULL),
('030203    ', 'Tercera Sección - Omereque                                            ', '030200    ', NULL),
('030301    ', 'Primera Sección - Ayopaya (Villa de Independencia)                    ', '030300    ', NULL),
('030302    ', 'Segunda Sección - Morochata                                           ', '030300    ', NULL),
('030401    ', 'Primera Sección - Tarata                                              ', '030400    ', NULL),
('030402    ', 'Segunda Sección - Anzaldo                                             ', '030400    ', NULL),
('030403    ', 'Tercera Sección - Arbieto                                             ', '030400    ', NULL),
('030404    ', 'Cuarta Sección - Sacabamba                                            ', '030400    ', NULL),
('030501    ', 'Primera Sección - Arani                                               ', '030500    ', NULL),
('030502    ', 'Segunda Sección - Vacas                                               ', '030500    ', NULL),
('030601    ', 'Primera Sección - Arque                                               ', '030600    ', NULL),
('030602    ', 'Segunda Sección - Tacopaya                                            ', '030600    ', NULL),
('030701    ', 'Primera Sección - Capinota                                            ', '030700    ', NULL),
('030702    ', 'Segunda Sección - Santiváñez                                          ', '030700    ', NULL),
('030703    ', 'Tercera Sección - Sicaya                                              ', '030700    ', NULL),
('030801    ', 'Primera Sección - Cliza                                               ', '030800    ', NULL),
('030802    ', 'Segunda Sección - Toco                                                ', '030800    ', NULL),
('030803    ', 'Tercera Sección - Tolata                                              ', '030800    ', NULL),
('030901    ', 'Primera Sección - Quillacollo                                         ', '030900    ', NULL),
('030902    ', 'Segunda Sección - Sipe Sipe                                           ', '030900    ', NULL),
('030903    ', 'Tercera Sección - Tiquipaya                                           ', '030900    ', NULL),
('030904    ', 'Cuarta Sección - Vinto                                                ', '030900    ', NULL),
('030905    ', 'Quinta Sección - Colcapirhua                                          ', '030900    ', NULL),
('031001    ', 'Primera Sección - Sacaba                                              ', '031000    ', NULL),
('031002    ', 'Segunda Sección - Colomi                                              ', '031000    ', NULL),
('031003    ', 'Tercera Sección - Villa Tunari                                        ', '031000    ', NULL),
('031101    ', 'Primera Sección - Tapacarí                                            ', '031100    ', NULL),
('031201    ', 'Primera Sección - Totora                                              ', '031200    ', NULL),
('031202    ', 'Segunda Sección - Pojo                                                ', '031200    ', NULL),
('031203    ', 'Tercera Sección - Pocona                                              ', '031200    ', NULL),
('031204    ', 'Cuarta Sección - Chimoré                                              ', '031200    ', NULL),
('031205    ', 'Quinta Sección - Puerto Villarroel                                    ', '031200    ', NULL),
('031206    ', 'Sexta Sección - Entre Ríos                                            ', '031200    ', NULL),
('031301    ', 'Primera Sección - Mizque                                              ', '031300    ', NULL),
('031302    ', 'Segunda Sección - Vila Vila                                           ', '031300    ', NULL),
('031303    ', 'Tercera Sección - Alalay                                              ', '031300    ', NULL),
('031401    ', 'Primera Sección - Punata                                              ', '031400    ', NULL),
('031402    ', 'Segunda Sección - Villa Rivero                                        ', '031400    ', NULL),
('031403    ', 'Tercera Sección - San Benito                                          ', '031400    ', NULL),
('031404    ', 'Cuarta Sección - Tacachi                                              ', '031400    ', NULL),
('031405    ', 'Quinta Sección - Cuchumuela                                           ', '031400    ', NULL),
('031501    ', 'Primera Sección - Bolívar                                             ', '031500    ', NULL),
('031601    ', 'Primera Sección - Tiraque                                             ', '031600    ', NULL),
('040101    ', 'Sección Capital - Oruro                                               ', '040100    ', NULL),
('040102    ', 'Primera Sección - Caracollo                                           ', '040100    ', NULL),
('040103    ', 'Segunda Sección - El Choro                                            ', '040100    ', NULL),
('040104    ', 'Tercera Sección - Soracachi                                           ', '040100    ', NULL),
('040201    ', 'Primera Sección - Challapata                                          ', '040200    ', NULL),
('040202    ', 'Segunda Sección - Santuario de Quillacas                              ', '040200    ', NULL),
('040301    ', 'Primera Sección - Corque                                              ', '040300    ', NULL),
('040302    ', 'Segunda Sección - Choque Cota                                         ', '040300    ', NULL),
('040401    ', 'Primera Sección - Curahuara de Carangas                               ', '040400    ', NULL),
('040402    ', 'Segunda Sección - Turco                                               ', '040400    ', NULL),
('040501    ', 'Primera Sección - Huachacalla                                         ', '040500    ', NULL),
('040502    ', 'Segunda Sección - Escara                                              ', '040500    ', NULL),
('040503    ', 'Tercera Sección - Cruz de Machacamarca                                ', '040500    ', NULL),
('040504    ', 'Cuarta Sección - Yunguyo de Litoral                                   ', '040500    ', NULL),
('040505    ', 'Quinta Sección - Esmeralda                                            ', '040500    ', NULL),
('040601    ', 'Primera Sección - Poopó                                               ', '040600    ', NULL),
('040602    ', 'Segunda Sección - Pazña                                               ', '040600    ', NULL),
('040603    ', 'Tercera Sección - Antequera                                           ', '040600    ', NULL),
('040701    ', 'Primera Sección - Huanuni                                             ', '040700    ', NULL),
('040702    ', 'Segunda Sección - Machacamarca                                        ', '040700    ', NULL),
('040801    ', 'Primera Sección - Salinas de Garcí Mendoza                            ', '040800    ', NULL),
('040802    ', 'Segunda Sección - Pampa Aullagas                                      ', '040800    ', NULL),
('040901    ', 'Primera Sección - Sabaya                                              ', '040900    ', NULL),
('040902    ', 'Segunda Sección - Coipasa                                             ', '040900    ', NULL),
('040903    ', 'Tercera Sección - Chipaya                                             ', '040900    ', NULL),
('041001    ', 'Primera Sección - Toledo                                              ', '041000    ', NULL),
('041101    ', 'Primera Sección - Eucaliptus                                          ', '041100    ', NULL),
('041201    ', 'Primera Sección - Santiago de Andamarca                               ', '041200    ', NULL),
('041202    ', 'Segunda Sección - Belén de Andamarca                                  ', '041200    ', NULL),
('041301    ', 'Primera Sección - Totora                                              ', '041300    ', NULL),
('041401    ', 'Primera Sección - Santiago de Huari                                   ', '041400    ', NULL),
('041501    ', 'Primera Sección - La Rivera                                           ', '041500    ', NULL),
('041502    ', 'Segunda Sección - Todos Santos                                        ', '041500    ', NULL),
('041503    ', 'Tercera Sección - Carangas                                            ', '041500    ', NULL),
('041601    ', 'Primera Sección - Huayllamarca                                        ', '041600    ', NULL),
('050101    ', 'Sección Capital - Potosí                                              ', '050100    ', '4         '),
('050102    ', 'Primera Sección - Tinquipaya                                          ', '050100    ', '4         '),
('050103    ', 'Segunda Sección -Yocalla                                              ', '050100    ', '4         '),
('050104    ', 'Tercera Sección -Urmiri                                               ', '050100    ', '4         '),
('050201    ', 'Primera Sección -Uncía                                                ', '050200    ', '8         '),
('050202    ', 'Segunda Sección -Chayanta                                             ', '050200    ', '8         '),
('050203    ', 'Tercera Sección -Llallagua                                            ', '050200    ', '8         '),
('050301    ', 'Primera Sección -Betanzos                                             ', '050300    ', '1         '),
('050302    ', 'Segunda Sección -Chaquí                                               ', '050300    ', '1         '),
('050303    ', 'Tercera Sección -Tacobamba                                            ', '050300    ', '4         '),
('050401    ', 'Primera Sección -Colquechaca                                          ', '050400    ', '3         '),
('050402    ', 'Segunda Sección -Ravelo                                               ', '050400    ', '3         '),
('050403    ', 'Tercera Sección -Pocoata                                              ', '050400    ', '3         '),
('050404    ', 'Cuarta Sección -Ocurí                                                 ', '050400    ', '3         '),
('050501    ', 'Primera Sección -San Pedro de Buena Vista                             ', '050500    ', '6         '),
('050502    ', 'Segunda Sección -Toro Toro                                            ', '050500    ', '6         '),
('050601    ', 'Primera Sección -Cotagaita                                            ', '050600', '2         '),
('050602    ', 'Segunda Sección -Vitichi                                              ', '050600    ', '2         '),
('050701    ', 'Primera Sección -Villa de Sacaca                                      ', '050700    ', '6         '),
('050702    ', 'Segunda Sección -Caripuyo                                             ', '050700    ', '6         '),
('050801    ', 'Primera Sección -Tupiza                                               ', '050800    ', '7         '),
('050802    ', 'Segunda Sección -Atocha                                               ', '050800    ', '7         '),
('050901    ', 'Primera Sección -Colcha "K"                                           ', '050900    ', '9         '),
('050902    ', 'Segunda Sección -San Pedro de Quemes                                  ', '050900    ', '9         '),
('051001    ', 'Primera Sección -San Pablo de Lípez                                   ', '051000    ', '7         '),
('051002    ', 'Segunda Sección -Mojinete                                             ', '051000    ', '7         '),
('051003    ', 'Tercera Sección -San Antonio de Esmoruco                              ', '051000    ', '7         '),
('051101    ', 'Primera Sección -Puna                                                 ', '051100    ', '5         '),
('051102    ', 'Segunda Sección -Caiza "D"                                            ', '051100    ', '5         '),
('051201    ', 'Primera Sección -Uyuni                                                ', '051200    ', '9         '),
('051202    ', 'Segunda Sección -Tomave                                               ', '051200    ', '4         '),
('051203    ', 'Tercera Sección -Porco                                                ', '051200    ', '4         '),
('051301    ', 'Primera Sección -Arampampa                                            ', '051300    ', '6         '),
('051302    ', 'Segunda Sección -Acasio                                               ', '051300    ', '6         '),
('051401    ', 'Primera Sección -Llica                                                ', '051400    ', '9         '),
('051402    ', 'Segunda Sección -Tahua                                                ', '051400    ', '9         '),
('051501    ', 'Primera Sección -Villazón                                             ', '051500    ', '10        '),
('051601    ', 'Primera Sección -San Agustín                                          ', '051600    ', '9         '),
('060101    ', 'Primera Sección - Tarija                                              ', '060100    ', NULL),
('060201    ', 'Primera Sección - Padcaya                                             ', '060200    ', NULL),
('060202    ', 'Segunda Sección - Bermejo                                             ', '060200    ', NULL),
('060301    ', 'Primera Sección - Yacuiba                                             ', '060300    ', NULL),
('060302    ', 'Segunda Sección - Caraparí                                            ', '060300    ', NULL),
('060303    ', 'Tercera Sección - Villamontes                                         ', '060300    ', NULL),
('060401    ', 'Primera Sección - Uriondo                                             ', '060400    ', NULL),
('060402    ', 'Segunda Sección - Yunchará                                            ', '060400    ', NULL),
('060501    ', 'Primera Sección - Villa San Lorenzo                                   ', '060500    ', NULL),
('060502    ', 'Segunda Sección - El Puente                                           ', '060500    ', NULL),
('060601    ', 'Primera Sección -  Entre Rios                                         ', '060600    ', NULL),
('070101    ', 'Sección Capital - Santa Cruz de la Sierra                             ', '070100    ', NULL),
('070102    ', 'Primera Sección - Cotoca                                              ', '070100    ', NULL),
('070103    ', 'Segunda Sección - Porongo                                             ', '070100    ', NULL),
('070104    ', 'Tercera Sección - La Guardia                                          ', '070100    ', NULL),
('070105    ', 'Cuarta Sección - El Torno                                             ', '070100    ', NULL),
('070201    ', 'Primera Sección - Warnes                                              ', '070200    ', NULL),
('070202    ', 'Segunda Sección - Okinawa Uno                                         ', '070200    ', NULL),
('070301    ', 'Primera Sección - San Ignacio de Velasco                              ', '070300    ', NULL),
('070302    ', 'Segunda Sección - San Miguel de Velasco                               ', '070300    ', NULL),
('070303    ', 'Tercera Sección - San Rafael                                          ', '070300    ', NULL),
('070401    ', 'Primera Sección - Buena Vista                                         ', '070400    ', NULL),
('070402    ', 'Segunda Sección - San Carlos                                          ', '070400    ', NULL),
('070403    ', 'Tercera Sección - Yapacaní                                            ', '070400    ', NULL),
('070404    ', 'Cuarta Sección - San Juan de Yapacaní                                 ', '070400    ', NULL),
('070501    ', 'Primera Sección - San José de Chiquitos                               ', '070500    ', NULL),
('070502    ', 'Segunda Sección - Pailón                                              ', '070500    ', NULL),
('070503    ', 'Tercera Sección - Roboré                                              ', '070500    ', NULL),
('070601    ', 'Primera Sección - Portachuelo                                         ', '070600    ', NULL),
('070602    ', 'Segunda Sección - Santa Rosa del Sara                                 ', '070600    ', NULL),
('070603    ', 'Tercera Sección - Colpa Bélgica                                       ', '070600    ', NULL),
('070701    ', 'Primera Sección - Lagunillas                                          ', '070700    ', NULL),
('070702    ', 'Segunda Sección - Charagua                                            ', '070700    ', NULL),
('070703    ', 'Tercera Sección - Cabezas                                             ', '070700    ', NULL),
('070704    ', 'Cuarta Sección - Cuevo                                                ', '070700    ', NULL),
('070705    ', 'Quinta Sección - Gutiérrez                                            ', '070700    ', NULL),
('070706    ', 'Sexta Sección - Camiri                                                ', '070700    ', NULL),
('070707    ', 'Séptima Sección - Boyuibe                                             ', '070700    ', NULL),
('070801    ', 'Primera Sección - Vallegrande                                         ', '070800    ', NULL),
('070802    ', 'Segunda Sección - Trigal                                              ', '070800    ', NULL),
('070803    ', 'Tercera Sección - Moro Moro                                           ', '070800    ', NULL),
('070804    ', 'Cuarta Sección - Postrer Valle                                        ', '070800    ', NULL),
('070805    ', 'Quinta Sección - Pucara                                               ', '070800    ', NULL),
('070901    ', 'Primera Sección - Samaipata                                           ', '070900    ', NULL),
('070902    ', 'Segunda Sección - Pampa Grande                                        ', '070900    ', NULL),
('070903    ', 'Tercera Sección - Mairana                                             ', '070900    ', NULL),
('070904    ', 'Cuarta Sección - Quirusillas                                          ', '070900    ', NULL),
('071001    ', 'Primera Sección - Montero                                             ', '071000    ', NULL),
('071002    ', 'Segunda Sección - Saavedra                                            ', '071000    ', NULL),
('071003    ', 'Tercera Sección - Mineros                                             ', '071000    ', NULL),
('071004    ', 'Cuarta Sección - Fernández Alonzo                                     ', '071000    ', NULL),
('071005    ', 'Quinta Sección - San Pedro                                            ', '071000    ', NULL),
('071101    ', 'Primera Sección - Concepción                                          ', '071100    ', NULL),
('071102    ', 'Segunda Sección - San Javier                                          ', '071100    ', NULL),
('071103    ', 'Tercera Sección - San Ramón                                           ', '071100    ', NULL),
('071104    ', 'Cuarta Sección - San Julián                                           ', '071100    ', NULL),
('071105    ', 'Quinta Sección - San Antonio de Lomerío                               ', '071100    ', NULL),
('071106    ', 'Sexta Sección - Cuatro Cañadas                                        ', '071100    ', NULL),
('071201    ', 'Primera Sección - San Matías                                          ', '071200    ', NULL),
('071301    ', 'Primera Sección - Comarapa                                            ', '071300    ', NULL),
('071302    ', 'Segunda Sección - Saipina                                             ', '071300    ', NULL),
('071401    ', 'Primera Sección - Puerto Suárez                                       ', '071400    ', NULL),
('071402    ', 'Segunda Sección - Puerto Quijarro                                     ', '071400    ', NULL),
('071403    ', 'Tercera Sección - Carmen Rivero Torrez                                ', '071400    ', NULL),
('071501    ', 'Primera Sección - Ascensión de Guarayos                               ', '071500    ', NULL),
('071502    ', 'Segunda Sección - Urubichá                                            ', '071500    ', NULL),
('071503    ', 'Tercera Sección - El Puente                                           ', '071500    ', NULL),
('080101    ', 'Sección Capital - Trinidad                                            ', '080100    ', NULL),
('080102    ', 'Primera Sección - San Javier                                          ', '080100    ', NULL),
('080201    ', 'Primera Sección - Riberalta                                           ', '080200    ', NULL),
('080202    ', 'Segunda Sección - Guayaramerín                                        ', '080200    ', NULL),
('080301    ', 'Primera Sección - Reyes                                               ', '080300    ', NULL),
('080302    ', 'Segunda Sección - San Borja                                           ', '080300    ', NULL),
('080303    ', 'Tercera Sección - Santa Rosa                                          ', '080300    ', NULL),
('080304    ', 'Cuarta Sección - Rurrenabaque                                         ', '080300    ', NULL),
('080401    ', 'Primera Sección - Santa Ana del Yacuma                                ', '080400    ', NULL),
('080402    ', 'Segunda Sección - Exaltación                                          ', '080400    ', NULL),
('080501    ', 'Primera Sección - San Ignacio                                         ', '080500    ', NULL),
('080601    ', 'Primera Sección - Loreto                                              ', '080600    ', NULL),
('080602    ', 'Segunda Sección - San Andrés                                          ', '080600    ', NULL),
('080701    ', 'Primera Sección - San Joaquín                                         ', '080700    ', NULL),
('080702    ', 'Segunda Sección - San Ramón                                           ', '080700    ', NULL),
('080703    ', 'Tercera Sección - Puerto Siles                                        ', '080700    ', NULL),
('080801    ', 'Primera Sección - Magdalena                                           ', '080800    ', NULL),
('080802    ', 'Segunda Sección - Baures                                              ', '080800    ', NULL),
('080803    ', 'Tercera Sección - Huacaraje                                           ', '080800    ', NULL),
('090101    ', 'Sección Capital - Cobija                                              ', '090100    ', NULL),
('090102    ', 'Primera Sección - Porvenir                                            ', '090100    ', NULL),
('090103    ', 'Segunda Sección - Bolpebra                                            ', '090100    ', NULL),
('090104    ', 'Tercera Sección - Bella Flor                                          ', '090100    ', NULL),
('090201    ', 'Primera Sección - Puerto Rico                                         ', '090200    ', NULL),
('090202    ', 'Segunda Sección - San Pedro                                           ', '090200    ', NULL),
('090203    ', 'Tercera Sección - Filadelfia                                          ', '090200    ', NULL),
('090301    ', 'Primera Sección - Puerto Gonzalo Moreno                               ', '090300    ', NULL),
('090302    ', 'Segunda Sección - San Lorenzo                                         ', '090300    ', NULL),
('090303    ', 'Tercera Sección - Sena                                                ', '090300    ', NULL),
('090401    ', 'Primera Sección - Santa Rosa del Abuná                                ', '090400    ', NULL),
('090402    ', 'Segunda Sección - Ingavi                                              ', '090400    ', NULL),
('090501    ', 'Primera Sección - Nueva Esperanza                                     ', '090500    ', NULL),
('090502    ', 'Segunda Sección - Villa Nueva (Loma Alta)                             ', '090500    ', NULL),
('090503    ', 'Tercera Sección - Santos Mercado                                      ', '090500    ', NULL);



--
-- Estructura de tabla para la tabla `provincia`
--

CREATE TABLE IF NOT EXISTS `provincia` (
  `cod_prov` varchar(10) COLLATE latin1_spanish_ci DEFAULT NULL,
  `nombre` varchar(35) COLLATE latin1_spanish_ci DEFAULT NULL,
  `cod_depa` varchar(10) COLLATE latin1_spanish_ci DEFAULT NULL
) ENGINE=InnoDB DEFAULT CHARSET=latin1 COLLATE=latin1_spanish_ci;

--
-- Volcado de datos para la tabla `provincia`
--

INSERT INTO `provincia` (`cod_prov`, `nombre`, `cod_depa`) VALUES
('010100    ', 'OROPEZA                            ', '010000    '),
('010200    ', 'JUANA AZURDUY DE PADILLA           ', '010000    '),
('010300    ', 'JAIME ZUDÁÑEZ                      ', '010000    '),
('010400    ', 'TOMINA                             ', '010000    '),
('010500    ', 'HERNANDO SILES                     ', '010000    '),
('010600    ', 'YAMPARÁEZ                          ', '010000    '),
('010700    ', 'NOR CINTI                          ', '010000    '),
('010800    ', 'BELISARIO BOETO                    ', '010000    '),
('010900    ', 'SUD CINTI                          ', '010000    '),
('011000    ', 'LUIS CALVO                         ', '010000    '),
('020100    ', 'PEDRO DOMINGO MURILLO              ', '020000    '),
('020200    ', 'OMASUYOS                           ', '020000    '),
('020300    ', 'PACAJES                            ', '020000    '),
('020400    ', 'ELIODORO CAMACHO                   ', '020000    '),
('020500    ', 'MUÑECAS                            ', '020000    '),
('020600    ', 'LARECAJA                           ', '020000    '),
('020700    ', 'FRANZ TAMAYO                       ', '020000    '),
('020800    ', 'INGAVI                             ', '020000    '),
('020900    ', 'LOAYZA                             ', '020000    '),
('021000    ', 'INQUISIVI                          ', '020000    '),
('021100    ', 'SUD YUNGAS                         ', '020000    '),
('021200    ', 'LOS ANDES                          ', '020000    '),
('021300    ', 'AROMA                              ', '020000    '),
('021400    ', 'NOR YUNGAS                         ', '020000    '),
('021500    ', 'ABEL ITURRALDE                     ', '020000    '),
('021600    ', 'BAUTISTA SAAVEDRA                  ', '020000    '),
('021700    ', 'MANCO KAPAC                        ', '020000    '),
('021800    ', 'GUALBERTO VILLARROEL               ', '020000    '),
('021900    ', 'JOSÉ MANUEL PANDO                  ', '020000    '),
('022000    ', 'CARANAVI                           ', '020000    '),
('030100    ', 'CERCADO                            ', '030000    '),
('030200    ', 'NARCISO CAMPERO                    ', '030000    '),
('030300    ', 'AYOPAYA                            ', '030000    '),
('030400    ', 'ESTEBAN ARCE                       ', '030000    '),
('030500    ', 'ARANI                              ', '030000    '),
('030600    ', 'ARQUE                              ', '030000    '),
('030700    ', 'CAPINOTA                           ', '030000    '),
('030800    ', 'GERMÁN JORDÁN                      ', '030000    '),
('030900    ', 'QUILLACOLLO                        ', '030000    '),
('031000    ', 'CHAPARE                            ', '030000    '),
('031100    ', 'TAPACARÍ                           ', '030000    '),
('031200    ', 'CARRASCO                           ', '030000    '),
('031300    ', 'MIZQUE                             ', '030000    '),
('031400    ', 'PUNATA                             ', '030000    '),
('031500    ', 'BOLÍVAR                            ', '030000    '),
('031600    ', 'TIRAQUE                            ', '030000    '),
('040100    ', 'CERCADO                            ', '040000    '),
('040200    ', 'EDUARDO AVAROA                     ', '040000    '),
('040300    ', 'CARANGAS                           ', '040000    '),
('040400    ', 'SAJAMA                             ', '040000    '),
('040500    ', 'LITORAL                            ', '040000    '),
('040600    ', 'POOPÓ                              ', '040000    '),
('040700    ', 'PANTALEÓN DALENCE                  ', '040000    '),
('040800    ', 'LADISLAO CABRERA                   ', '040000    '),
('040900    ', 'ATAHUALLPA                         ', '040000    '),
('041000    ', 'SAUCARÍ                            ', '040000    '),
('041100    ', 'TOMÁS BARRÓN                       ', '040000    '),
('041200    ', 'SUD CARANGAS                       ', '040000    '),
('041300    ', 'SAN PEDRO DE TOTORA                ', '040000    '),
('041400    ', 'SEBASTIÁN PAGADOR                  ', '040000    '),
('041500    ', 'PUERTO DE MEJILLONES               ', '040000    '),
('041600    ', 'NOR CARANGAS                       ', '040000    '),
('050100    ', 'TOMÁS FRÍAS                        ', '050000    '),
('050200    ', 'RAFAEL BUSTILLO                    ', '050000    '),
('050300    ', 'CORNELIO SAAVEDRA                  ', '050000    '),
('050400    ', 'CHAYANTA                           ', '050000    '),
('050500    ', 'CHARCAS                            ', '050000    '),
('050600    ', 'NOR CHICHAS                        ', '050000    '),
('050700    ', 'ALONZO DE IBÁÑEZ                   ', '050000    '),
('050800    ', 'SUD CHICHAS                        ', '050000    '),
('050900    ', 'NOR LÍPEZ                          ', '050000    '),
('051000    ', 'SUD LÍPEZ                          ', '050000    '),
('051100    ', 'JOSÉ MARÍA LINARES                 ', '050000    '),
('051200    ', 'ANTONIO QUIJARRO                   ', '050000    '),
('051300    ', 'BERNARDINO BILBAO                  ', '050000    '),
('051400    ', 'DANIEL CAMPOS                      ', '050000    '),
('051500    ', 'MODESTO OMISTE                     ', '050000    '),
('051600    ', 'ENRIQUE BALDIVIESO                 ', '050000    '),
('060100    ', 'CERCADO                            ', '060000    '),
('060200    ', 'ANICETO ARCE                       ', '060000    '),
('060300    ', 'GRAN CHACO                         ', '060000    '),
('060400    ', 'JOSÉ MARÍA AVILÉS                  ', '060000    '),
('060500    ', 'EUSTAQUIO MÉNDEZ                   ', '060000    '),
('060600    ', 'BURNET O´CONNOR                    ', '060000    '),
('070100    ', 'ANDRÉS IBÁÑEZ                      ', '070000    '),
('070200    ', 'IGNACIO WARNES                     ', '070000    '),
('070300    ', 'JOSÉ MIGUEL DE VELASCO             ', '070000    '),
('070400    ', 'ICHILO                             ', '070000    '),
('070500    ', 'CHIQUITOS                          ', '070000    '),
('070600    ', 'SARA                               ', '070000    '),
('070700    ', 'CORDILLERA                         ', '070000    '),
('070800    ', 'VALLEGRANDE                        ', '070000    '),
('070900    ', 'FLORIDA                            ', '070000    '),
('071000    ', 'OBISPO SANTISTEVAN                 ', '070000    '),
('071100    ', 'ÑUFLO DE CHÁVEZ                    ', '070000    '),
('071200    ', 'ÁNGEL SANDÓVAL                     ', '070000    '),
('071300    ', 'MANUEL MARÍA CABALLERO             ', '070000    '),
('071400    ', 'GERMÁN BUSCH                       ', '070000    '),
('071500    ', 'GUARAYOS                           ', '070000    '),
('080100    ', 'CERCADO                            ', '080000    '),
('080200    ', 'VACA DÍEZ                          ', '080000    '),
('080300    ', 'JOSÉ BALLIVIÁN                     ', '080000    '),
('080400    ', 'YACUMA                             ', '080000    '),
('080500    ', 'MOXOS                              ', '080000    '),
('080600    ', 'MARBÁN                             ', '080000    '),
('080700    ', 'MAMORÉ                             ', '080000    '),
('080800    ', 'ITÉNEZ                             ', '080000    '),
('090100    ', 'NICOLÁS SUÁREZ                     ', '090000    '),
('090200    ', 'MANURIPI                           ', '090000    '),
('090300    ', 'MADRE DE DIOS                      ', '090000    '),
('090400    ', 'ABUNÁ                              ', '090000    '),
('090500    ', 'FEDERICO ROMÁN                     ', '090000    ');

-- --------------------------------------------------------

--
-- Estructura de tabla para la tabla `red_salud`
--

CREATE TABLE IF NOT EXISTS `red_salud` (
  `cod_red` varchar(10) COLLATE latin1_spanish_ci DEFAULT NULL,
  `cod_depa` varchar(10) COLLATE latin1_spanish_ci DEFAULT NULL,
  `nombre_red` varchar(30) COLLATE latin1_spanish_ci DEFAULT NULL
) ENGINE=InnoDB DEFAULT CHARSET=latin1 COLLATE=latin1_spanish_ci;

--
-- Volcado de datos para la tabla `red_salud`
--

INSERT INTO `red_salud` (`cod_red`, `cod_depa`, `nombre_red`) VALUES
('1         ', '050000    ', 'BETANZOS                      '),
('10        ', '050000    ', 'VILLAZON                      '),
('2         ', '050000    ', 'COTAGAITA                     '),
('3         ', '050000    ', 'OCURI                         '),
('4         ', '050000    ', 'POTOSI (URBANO)               '),
('5         ', '050000    ', 'PUNA                          '),
('6         ', '050000    ', 'SACACA                        '),
('7         ', '050000    ', 'TUPIZA                        '),
('8         ', '050000    ', 'UNCIA                         '),
('9         ', '050000    ', 'UYUNI                         ');



/*!40101 SET CHARACTER_SET_CLIENT=@OLD_CHARACTER_SET_CLIENT */;
/*!40101 SET CHARACTER_SET_RESULTS=@OLD_CHARACTER_SET_RESULTS */;
/*!40101 SET COLLATION_CONNECTION=@OLD_COLLATION_CONNECTION */;
